time,value
2006-01-01,1072017.0
2006-01-02,1373682.0
2006-01-03,1441503.0
2006-01-04,1456464.0
2006-01-05,1476612.0
2006-01-06,1404174.0
2006-01-07,1302856.0
2006-01-08,1206817.0
2006-01-09,1522783.0
2006-01-10,1577042.0
2006-01-11,1578567.0
2006-01-12,1554047.0
2006-01-13,1542692.0
2006-01-14,1365049.0
2006-01-15,1263453.0
2006-01-16,1560560.0
2006-01-17,1600181.0
2006-01-18,1573275.0
2006-01-19,1558934.0
2006-01-20,1540769.0
2006-01-21,1352191.0
2006-01-22,1244947.0
2006-01-23,1563358.0
2006-01-24,1603701.0
2006-01-25,1614353.0
2006-01-26,1600546.0
2006-01-27,1585825.0
2006-01-28,1379113.0
2006-01-29,1252305.0
2006-01-30,1551131.0
2006-01-31,1574766.0
2006-02-01,1581404.0
2006-02-02,1595126.0
2006-02-03,1579112.0
2006-02-04,1370879.0
2006-02-05,1258560.0
2006-02-06,1552992.0
2006-02-07,1608136.0
2006-02-08,1587727.0
2006-02-09,1600766.0
2006-02-10,1555826.0
2006-02-11,1351125.0
2006-02-12,1232167.0
2006-02-13,1517103.0
2006-02-14,1552274.0
2006-02-15,1563710.0
2006-02-16,1524160.0
2006-02-17,1496555.0
2006-02-18,1303104.0
2006-02-19,1172453.0
2006-02-20,1495308.0
2006-02-21,1543222.0
2006-02-22,1542946.0
2006-02-23,1523149.0
2006-02-24,1507325.0
2006-02-25,1314296.0
2006-02-26,1203390.0
2006-02-27,1441780.0
2006-02-28,1506989.0
2006-03-01,1528757.0
2006-03-02,1540513.0
2006-03-03,1512958.0
2006-03-04,1326920.0
2006-03-05,1221081.0
2006-03-06,1497778.0
2006-03-07,1513074.0
2006-03-08,1547075.0
2006-03-09,1500163.0
2006-03-10,1474892.0
2006-03-11,1322008.0
2006-03-12,1217831.0
2006-03-13,1490940.0
2006-03-14,1514781.0
2006-03-15,1518976.0
2006-03-16,1516421.0
2006-03-17,1496705.0
2006-03-18,1285973.0
2006-03-19,1161032.0
2006-03-20,1442465.0
2006-03-21,1470318.0
2006-03-22,1470764.0
2006-03-23,1456012.0
2006-03-24,1447848.0
2006-03-25,1237246.0
2006-03-26,1073812.0
2006-03-27,1390983.0
2006-03-28,1436210.0
2006-03-29,1436859.0
2006-03-30,1457913.0
2006-03-31,1429668.0
2006-04-01,1219260.0
2006-04-02,1107677.0
2006-04-03,1412800.0
2006-04-04,1436076.0
2006-04-05,1444415.0
2006-04-06,1434934.0
2006-04-07,1398226.0
2006-04-08,1208027.0
2006-04-09,1100516.0
2006-04-10,1396353.0
2006-04-11,1421924.0
2006-04-12,1423587.0
2006-04-13,1420219.0
2006-04-14,1129413.0
2006-04-15,1091480.0
2006-04-16,988253.0
2006-04-17,1003811.0
2006-04-18,1338725.0
2006-04-19,1368159.0
2006-04-20,1363815.0
2006-04-21,1335634.0
2006-04-22,1161528.0
2006-04-23,1040674.0
2006-04-24,1337952.0
2006-04-25,1361678.0
2006-04-26,1373548.0
2006-04-27,1382681.0
2006-04-28,1362185.0
2006-04-29,1176199.0
2006-04-30,1030933.0
2006-05-01,988020.0
2006-05-02,1316915.0
2006-05-03,1348452.0
2006-05-04,1347914.0
2006-05-05,1332018.0
2006-05-06,1126916.0
2006-05-07,996734.0
2006-05-08,1313621.0
2006-05-09,1351174.0
2006-05-10,1351780.0
2006-05-11,1337297.0
2006-05-12,1322098.0
2006-05-13,1133351.0
2006-05-14,1008514.0
2006-05-15,1309886.0
2006-05-16,1358452.0
2006-05-17,1347240.0
2006-05-18,1364976.0
2006-05-19,1346508.0
2006-05-20,1182877.0
2006-05-21,1051513.0
2006-05-22,1349048.0
2006-05-23,1375413.0
2006-05-24,1340832.0
2006-05-25,1062920.0
2006-05-26,1209309.0
2006-05-27,1113845.0
2006-05-28,1060741.0
2006-05-29,1341232.0
2006-05-30,1375604.0
2006-05-31,1379658.0
2006-06-01,1368401.0
2006-06-02,1325515.0
2006-06-03,1113635.0
2006-06-04,958439.0
2006-06-05,971037.0
2006-06-06,1295638.0
2006-06-07,1325950.0
2006-06-08,1327278.0
2006-06-09,1313657.0
2006-06-10,1124913.0
2006-06-11,1001693.0
2006-06-12,1320571.0
2006-06-13,1353724.0
2006-06-14,1353459.0
2006-06-15,1148305.0
2006-06-16,1251714.0
2006-06-17,1111860.0
2006-06-18,1002797.0
2006-06-19,1342882.0
2006-06-20,1368829.0
2006-06-21,1373083.0
2006-06-22,1361039.0
2006-06-23,1320378.0
2006-06-24,1123289.0
2006-06-25,1024931.0
2006-06-26,1337604.0
2006-06-27,1353445.0
2006-06-28,1340019.0
2006-06-29,1343221.0
2006-06-30,1300808.0
2006-07-01,1116493.0
2006-07-02,994197.0
2006-07-03,1316812.0
2006-07-04,1353769.0
2006-07-05,1378568.0
2006-07-06,1378061.0
2006-07-07,1362654.0
2006-07-08,1150027.0
2006-07-09,1015348.0
2006-07-10,1326368.0
2006-07-11,1360367.0
2006-07-12,1356817.0
2006-07-13,1361337.0
2006-07-14,1330002.0
2006-07-15,1103262.0
2006-07-16,990050.0
2006-07-17,1296897.0
2006-07-18,1331893.0
2006-07-19,1341181.0
2006-07-20,1351634.0
2006-07-21,1334512.0
2006-07-22,1147194.0
2006-07-23,1022860.0
2006-07-24,1321867.0
2006-07-25,1349110.0
2006-07-26,1355603.0
2006-07-27,1348476.0
2006-07-28,1331697.0
2006-07-29,1131908.0
2006-07-30,1009232.0
2006-07-31,1284607.0
2006-08-01,1303245.0
2006-08-02,1292009.0
2006-08-03,1284837.0
2006-08-04,1263963.0
2006-08-05,1094552.0
2006-08-06,992930.0
2006-08-07,1261377.0
2006-08-08,1287523.0
2006-08-09,1285002.0
2006-08-10,1294462.0
2006-08-11,1275540.0
2006-08-12,1098212.0
2006-08-13,984304.0
2006-08-14,1258000.0
2006-08-15,1282761.0
2006-08-16,1291498.0
2006-08-17,1297255.0
2006-08-18,1292102.0
2006-08-19,1103120.0
2006-08-20,1020711.0
2006-08-21,1312562.0
2006-08-22,1340311.0
2006-08-23,1326590.0
2006-08-24,1330525.0
2006-08-25,1324844.0
2006-08-26,1135827.0
2006-08-27,1029919.0
2006-08-28,1336359.0
2006-08-29,1353683.0
2006-08-30,1370225.0
2006-08-31,1351258.0
2006-09-01,1339289.0
2006-09-02,1147364.0
2006-09-03,1086047.0
2006-09-04,1394660.0
2006-09-05,1400617.0
2006-09-06,1392669.0
2006-09-07,1402596.0
2006-09-08,1368971.0
2006-09-09,1145774.0
2006-09-10,1042888.0
2006-09-11,1370699.0
2006-09-12,1395393.0
2006-09-13,1398957.0
2006-09-14,1399662.0
2006-09-15,1397683.0
2006-09-16,1200444.0
2006-09-17,1062268.0
2006-09-18,1382847.0
2006-09-19,1405715.0
2006-09-20,1385895.0
2006-09-21,1384548.0
2006-09-22,1381087.0
2006-09-23,1184864.0
2006-09-24,1067327.0
2006-09-25,1393361.0
2006-09-26,1424598.0
2006-09-27,1416994.0
2006-09-28,1402187.0
2006-09-29,1383770.0
2006-09-30,1184582.0
2006-10-01,1057918.0
2006-10-02,1280285.0
2006-10-03,1121049.0
2006-10-04,1367091.0
2006-10-05,1394353.0
2006-10-06,1427338.0
2006-10-07,1237059.0
2006-10-08,1097675.0
2006-10-09,1397295.0
2006-10-10,1433979.0
2006-10-11,1429554.0
2006-10-12,1432845.0
2006-10-13,1427925.0
2006-10-14,1213481.0
2006-10-15,1086291.0
2006-10-16,1405097.0
2006-10-17,1445693.0
2006-10-18,1449357.0
2006-10-19,1452104.0
2006-10-20,1435552.0
2006-10-21,1241360.0
2006-10-22,1113729.0
2006-10-23,1453467.0
2006-10-24,1499508.0
2006-10-25,1471398.0
2006-10-26,1479593.0
2006-10-27,1482098.0
2006-10-28,1248821.0
2006-10-29,1176932.0
2006-10-30,1408506.0
2006-10-31,1457027.0
2006-11-01,1354151.0
2006-11-02,1476830.0
2006-11-03,1480377.0
2006-11-04,1301349.0
2006-11-05,1241752.0
2006-11-06,1518021.0
2006-11-07,1507144.0
2006-11-08,1516278.0
2006-11-09,1557183.0
2006-11-10,1486708.0
2006-11-11,1330158.0
2006-11-12,1226520.0
2006-11-13,1530315.0
2006-11-14,1524934.0
2006-11-15,1504237.0
2006-11-16,1491419.0
2006-11-17,1478244.0
2006-11-18,1275409.0
2006-11-19,1166600.0
2006-11-20,1503692.0
2006-11-21,1523545.0
2006-11-22,1510897.0
2006-11-23,1552898.0
2006-11-24,1494985.0
2006-11-25,1309716.0
2006-11-26,1154871.0
2006-11-27,1482508.0
2006-11-28,1519958.0
2006-11-29,1532113.0
2006-11-30,1530248.0
2006-12-01,1518366.0
2006-12-02,1338096.0
2006-12-03,1213340.0
2006-12-04,1544436.0
2006-12-05,1569346.0
2006-12-06,1545124.0
2006-12-07,1564696.0
2006-12-08,1550178.0
2006-12-09,1313095.0
2006-12-10,1191673.0
2006-12-11,1575522.0
2006-12-12,1558977.0
2006-12-13,1588873.0
2006-12-14,1594292.0
2006-12-15,1543770.0
2006-12-16,1357037.0
2006-12-17,1218224.0
2006-12-18,1511548.0
2006-12-19,1525304.0
2006-12-20,1528398.0
2006-12-21,1476952.0
2006-12-22,1393868.0
2006-12-23,1238605.0
2006-12-24,1100960.0
2006-12-25,1073547.0
2006-12-26,1073634.0
2006-12-27,1281279.0
2006-12-28,1315598.0
2006-12-29,1273746.0
2006-12-30,1237192.0
2006-12-31,1147106.0
2007-01-01,1128315.0
2007-01-02,1411936.0
2007-01-03,1470299.0
2007-01-04,1513179.0
2007-01-05,1487512.0
2007-01-06,1255335.0
2007-01-07,1171244.0
2007-01-08,1506316.0
2007-01-09,1553242.0
2007-01-10,1554254.0
2007-01-11,1596084.0
2007-01-12,1567936.0
2007-01-13,1357989.0
2007-01-14,1248302.0
2007-01-15,1515720.0
2007-01-16,1551738.0
2007-01-17,1562760.0
2007-01-18,1547607.0
2007-01-19,1532509.0
2007-01-20,1346739.0
2007-01-21,1255609.0
2007-01-22,1540675.0
2007-01-23,1548045.0
2007-01-24,1580641.0
2007-01-25,1579976.0
2007-01-26,1631317.0
2007-01-27,1400709.0
2007-01-28,1318788.0
2007-01-29,1564458.0
2007-01-30,1573543.0
2007-01-31,1597983.0
2007-02-01,1531925.0
2007-02-02,1523636.0
2007-02-03,1340830.0
2007-02-04,1202981.0
2007-02-05,1481765.0
2007-02-06,1543316.0
2007-02-07,1573306.0
2007-02-08,1569495.0
2007-02-09,1551619.0
2007-02-10,1366668.0
2007-02-11,1216448.0
2007-02-12,1460464.0
2007-02-13,1524556.0
2007-02-14,1529630.0
2007-02-15,1511097.0
2007-02-16,1486634.0
2007-02-17,1307299.0
2007-02-18,1180456.0
2007-02-19,1373042.0
2007-02-20,1450413.0
2007-02-21,1502150.0
2007-02-22,1484886.0
2007-02-23,1478547.0
2007-02-24,1324762.0
2007-02-25,1190777.0
2007-02-26,1445719.0
2007-02-27,1509833.0
2007-02-28,1505114.0
2007-03-01,1522483.0
2007-03-02,1511609.0
2007-03-03,1283672.0
2007-03-04,1137558.0
2007-03-05,1482569.0
2007-03-06,1501307.0
2007-03-07,1479011.0
2007-03-08,1468841.0
2007-03-09,1454335.0
2007-03-10,1259652.0
2007-03-11,1130088.0
2007-03-12,1408994.0
2007-03-13,1439156.0
2007-03-14,1438740.0
2007-03-15,1436461.0
2007-03-16,1440592.0
2007-03-17,1327585.0
2007-03-18,1241699.0
2007-03-19,1488737.0
2007-03-20,1486624.0
2007-03-21,1509295.0
2007-03-22,1540808.0
2007-03-23,1519183.0
2007-03-24,1341716.0
2007-03-25,1112401.0
2007-03-26,1432716.0
2007-03-27,1442257.0
2007-03-28,1442199.0
2007-03-29,1454110.0
2007-03-30,1417899.0
2007-03-31,1239706.0
2007-04-01,1115819.0
2007-04-02,1389473.0
2007-04-03,1440924.0
2007-04-04,1435281.0
2007-04-05,1442385.0
2007-04-06,1123431.0
2007-04-07,1118015.0
2007-04-08,1008136.0
2007-04-09,1049682.0
2007-04-10,1379466.0
2007-04-11,1407594.0
2007-04-12,1390689.0
2007-04-13,1376167.0
2007-04-14,1183356.0
2007-04-15,1045066.0
2007-04-16,1354907.0
2007-04-17,1383746.0
2007-04-18,1408352.0
2007-04-19,1426033.0
2007-04-20,1397252.0
2007-04-21,1175849.0
2007-04-22,1041581.0
2007-04-23,1358952.0
2007-04-24,1392071.0
2007-04-25,1387681.0
2007-04-26,1383045.0
2007-04-27,1363867.0
2007-04-28,1174682.0
2007-04-29,1037929.0
2007-04-30,1221007.0
2007-05-01,987071.0
2007-05-02,1308692.0
2007-05-03,1373938.0
2007-05-04,1363857.0
2007-05-05,1168670.0
2007-05-06,1031042.0
2007-05-07,1377994.0
2007-05-08,1419566.0
2007-05-09,1438037.0
2007-05-10,1413542.0
2007-05-11,1413795.0
2007-05-12,1193914.0
2007-05-13,1055594.0
2007-05-14,1387231.0
2007-05-15,1394247.0
2007-05-16,1381270.0
2007-05-17,1097587.0
2007-05-18,1205377.0
2007-05-19,1112529.0
2007-05-20,1015475.0
2007-05-21,1356179.0
2007-05-22,1388612.0
2007-05-23,1374319.0
2007-05-24,1379569.0
2007-05-25,1377395.0
2007-05-26,1156282.0
2007-05-27,978163.0
2007-05-28,1004487.0
2007-05-29,1352540.0
2007-05-30,1360782.0
2007-05-31,1350801.0
2007-06-01,1350129.0
2007-06-02,1161169.0
2007-06-03,1025834.0
2007-06-04,1344253.0
2007-06-05,1368156.0
2007-06-06,1364732.0
2007-06-07,1170252.0
2007-06-08,1286838.0
2007-06-09,1153990.0
2007-06-10,1040633.0
2007-06-11,1372869.0
2007-06-12,1402388.0
2007-06-13,1393649.0
2007-06-14,1392417.0
2007-06-15,1394894.0
2007-06-16,1179113.0
2007-06-17,1041727.0
2007-06-18,1370975.0
2007-06-19,1394980.0
2007-06-20,1416711.0
2007-06-21,1405334.0
2007-06-22,1370202.0
2007-06-23,1158156.0
2007-06-24,1035826.0
2007-06-25,1368699.0
2007-06-26,1408746.0
2007-06-27,1445005.0
2007-06-28,1382014.0
2007-06-29,1363174.0
2007-06-30,1172919.0
2007-07-01,1041898.0
2007-07-02,1362622.0
2007-07-03,1375723.0
2007-07-04,1365469.0
2007-07-05,1383348.0
2007-07-06,1387006.0
2007-07-07,1197747.0
2007-07-08,1036765.0
2007-07-09,1340421.0
2007-07-10,1344832.0
2007-07-11,1363929.0
2007-07-12,1367430.0
2007-07-13,1347124.0
2007-07-14,1153188.0
2007-07-15,1033433.0
2007-07-16,1353553.0
2007-07-17,1374649.0
2007-07-18,1371730.0
2007-07-19,1369444.0
2007-07-20,1358389.0
2007-07-21,1157670.0
2007-07-22,1031494.0
2007-07-23,1327921.0
2007-07-24,1379216.0
2007-07-25,1363190.0
2007-07-26,1342191.0
2007-07-27,1345185.0
2007-07-28,1143854.0
2007-07-29,1032162.0
2007-07-30,1329054.0
2007-07-31,1329591.0
2007-08-01,1310283.0
2007-08-02,1356470.0
2007-08-03,1279104.0
2007-08-04,1108526.0
2007-08-05,1036295.0
2007-08-06,1330633.0
2007-08-07,1396981.0
2007-08-08,1374550.0
2007-08-09,1344231.0
2007-08-10,1329152.0
2007-08-11,1115093.0
2007-08-12,994501.0
2007-08-13,1291759.0
2007-08-14,1344220.0
2007-08-15,1350149.0
2007-08-16,1312643.0
2007-08-17,1281384.0
2007-08-18,1133458.0
2007-08-19,1024757.0
2007-08-20,1361313.0
2007-08-21,1393621.0
2007-08-22,1409511.0
2007-08-23,1408355.0
2007-08-24,1361652.0
2007-08-25,1150561.0
2007-08-26,1022607.0
2007-08-27,1352896.0
2007-08-28,1391027.0
2007-08-29,1422162.0
2007-08-30,1417598.0
2007-08-31,1407836.0
2007-09-01,1204707.0
2007-09-02,1093520.0
2007-09-03,1418417.0
2007-09-04,1412642.0
2007-09-05,1407388.0
2007-09-06,1427764.0
2007-09-07,1431388.0
2007-09-08,1252843.0
2007-09-09,1132166.0
2007-09-10,1433843.0
2007-09-11,1441018.0
2007-09-12,1431170.0
2007-09-13,1412114.0
2007-09-14,1409951.0
2007-09-15,1248517.0
2007-09-16,1089183.0
2007-09-17,1417667.0
2007-09-18,1458501.0
2007-09-19,1444971.0
2007-09-20,1437557.0
2007-09-21,1419342.0
2007-09-22,1220843.0
2007-09-23,1100626.0
2007-09-24,1422417.0
2007-09-25,1454323.0
2007-09-26,1453130.0
2007-09-27,1495956.0
2007-09-28,1470636.0
2007-09-29,1267475.0
2007-09-30,1132498.0
2007-10-01,1410534.0
2007-10-02,1446765.0
2007-10-03,1166006.0
2007-10-04,1420124.0
2007-10-05,1414339.0
2007-10-06,1224865.0
2007-10-07,1103043.0
2007-10-08,1430084.0
2007-10-09,1470283.0
2007-10-10,1467947.0
2007-10-11,1465351.0
2007-10-12,1503164.0
2007-10-13,1239916.0
2007-10-14,1113895.0
2007-10-15,1440744.0
2007-10-16,1472586.0
2007-10-17,1496216.0
2007-10-18,1503727.0
2007-10-19,1503030.0
2007-10-20,1290191.0
2007-10-21,1186111.0
2007-10-22,1496696.0
2007-10-23,1537818.0
2007-10-24,1542153.0
2007-10-25,1522727.0
2007-10-26,1507486.0
2007-10-27,1307613.0
2007-10-28,1184794.0
2007-10-29,1503872.0
2007-10-30,1513069.0
2007-10-31,1473692.0
2007-11-01,1304357.0
2007-11-02,1406635.0
2007-11-03,1289923.0
2007-11-04,1185972.0
2007-11-05,1487531.0
2007-11-06,1590616.0
2007-11-07,1644078.0
2007-11-08,1582215.0
2007-11-09,1607088.0
2007-11-10,1381292.0
2007-11-11,1236893.0
2007-11-12,1549321.0
2007-11-13,1562327.0
2007-11-14,1555476.0
2007-11-15,1538762.0
2007-11-16,1545200.0
2007-11-17,1355409.0
2007-11-18,1223183.0
2007-11-19,1554077.0
2007-11-20,1574127.0
2007-11-21,1552688.0
2007-11-22,1549038.0
2007-11-23,1532297.0
2007-11-24,1352926.0
2007-11-25,1293234.0
2007-11-26,1595880.0
2007-11-27,1596754.0
2007-11-28,1586364.0
2007-11-29,1610391.0
2007-11-30,1589503.0
2007-12-01,1389393.0
2007-12-02,1296703.0
2007-12-03,1613942.0
2007-12-04,1595897.0
2007-12-05,1590478.0
2007-12-06,1587863.0
2007-12-07,1613058.0
2007-12-08,1386957.0
2007-12-09,1248596.0
2007-12-10,1541044.0
2007-12-11,1570032.0
2007-12-12,1573964.0
2007-12-13,1555982.0
2007-12-14,1546310.0
2007-12-15,1344009.0
2007-12-16,1246977.0
2007-12-17,1538746.0
2007-12-18,1563725.0
2007-12-19,1556740.0
2007-12-20,1532271.0
2007-12-21,1460117.0
2007-12-22,1308964.0
2007-12-23,1228461.0
2007-12-24,1170872.0
2007-12-25,1112218.0
2007-12-26,1121348.0
2007-12-27,1284012.0
2007-12-28,1307123.0
2007-12-29,1259539.0
2007-12-30,1143972.0
2007-12-31,1143628.0
2008-01-01,1084845.0
2008-01-02,1387485.0
2008-01-03,1521710.0
2008-01-04,1513063.0
2008-01-05,1362675.0
2008-01-06,1208662.0
2008-01-07,1536815.0
2008-01-08,1565988.0
2008-01-09,1562025.0
2008-01-10,1570369.0
2008-01-11,1554279.0
2008-01-12,1358927.0
2008-01-13,1225003.0
2008-01-14,1551915.0
2008-01-15,1595067.0
2008-01-16,1578643.0
2008-01-17,1546657.0
2008-01-18,1548739.0
2008-01-19,1361944.0
2008-01-20,1221163.0
2008-01-21,1547131.0
2008-01-22,1564899.0
2008-01-23,1557959.0
2008-01-24,1565975.0
2008-01-25,1598423.0
2008-01-26,1415792.0
2008-01-27,1276040.0
2008-01-28,1512193.0
2008-01-29,1531082.0
2008-01-30,1554850.0
2008-01-31,1588403.0
2008-02-01,1607502.0
2008-02-02,1360954.0
2008-02-03,1223100.0
2008-02-04,1479380.0
2008-02-05,1534572.0
2008-02-06,1570655.0
2008-02-07,1569106.0
2008-02-08,1505015.0
2008-02-09,1298551.0
2008-02-10,1178361.0
2008-02-11,1488075.0
2008-02-12,1522788.0
2008-02-13,1540900.0
2008-02-14,1556175.0
2008-02-15,1538321.0
2008-02-16,1332126.0
2008-02-17,1226905.0
2008-02-18,1557064.0
2008-02-19,1556608.0
2008-02-20,1552785.0
2008-02-21,1568564.0
2008-02-22,1606220.0
2008-02-23,1369685.0
2008-02-24,1193025.0
2008-02-25,1501975.0
2008-02-26,1556897.0
2008-02-27,1579923.0
2008-02-28,1516196.0
2008-02-29,1500387.0
2008-03-01,1379638.0
2008-03-02,1267161.0
2008-03-03,1512186.0
2008-03-04,1546856.0
2008-03-05,1527165.0
2008-03-06,1573962.0
2008-03-07,1490886.0
2008-03-08,1287065.0
2008-03-09,1183139.0
2008-03-10,1479598.0
2008-03-11,1530230.0
2008-03-12,1566624.0
2008-03-13,1578672.0
2008-03-14,1510731.0
2008-03-15,1275165.0
2008-03-16,1163429.0
2008-03-17,1499761.0
2008-03-18,1514295.0
2008-03-19,1502099.0
2008-03-20,1492753.0
2008-03-21,1236420.0
2008-03-22,1209172.0
2008-03-23,1089695.0
2008-03-24,1113068.0
2008-03-25,1455518.0
2008-03-26,1531371.0
2008-03-27,1496915.0
2008-03-28,1461568.0
2008-03-29,1287452.0
2008-03-30,1121680.0
2008-03-31,1427344.0
2008-04-01,1468938.0
2008-04-02,1485768.0
2008-04-03,1491453.0
2008-04-04,1468054.0
2008-04-05,1279879.0
2008-04-06,1153210.0
2008-04-07,1460355.0
2008-04-08,1476500.0
2008-04-09,1475975.0
2008-04-10,1479130.0
2008-04-11,1456327.0
2008-04-12,1242039.0
2008-04-13,1118521.0
2008-04-14,1444746.0
2008-04-15,1481250.0
2008-04-16,1467643.0
2008-04-17,1460468.0
2008-04-18,1435995.0
2008-04-19,1271301.0
2008-04-20,1108241.0
2008-04-21,1445644.0
2008-04-22,1489140.0
2008-04-23,1421693.0
2008-04-24,1417542.0
2008-04-25,1401574.0
2008-04-26,1195453.0
2008-04-27,1061284.0
2008-04-28,1401219.0
2008-04-29,1419595.0
2008-04-30,1379741.0
2008-05-01,1039282.0
2008-05-02,1193015.0
2008-05-03,1116028.0
2008-05-04,1026556.0
2008-05-05,1348810.0
2008-05-06,1382455.0
2008-05-07,1379848.0
2008-05-08,1369766.0
2008-05-09,1347780.0
2008-05-10,1132725.0
2008-05-11,960323.0
2008-05-12,982229.0
2008-05-13,1320795.0
2008-05-14,1367494.0
2008-05-15,1381196.0
2008-05-16,1367015.0
2008-05-17,1195200.0
2008-05-18,1060661.0
2008-05-19,1355046.0
2008-05-20,1370287.0
2008-05-21,1371655.0
2008-05-22,1170876.0
2008-05-23,1255969.0
2008-05-24,1132647.0
2008-05-25,1048890.0
2008-05-26,1372378.0
2008-05-27,1395957.0
2008-05-28,1429981.0
2008-05-29,1408544.0
2008-05-30,1403012.0
2008-05-31,1200332.0
2008-06-01,1057412.0
2008-06-02,1370677.0
2008-06-03,1390456.0
2008-06-04,1396518.0
2008-06-05,1394439.0
2008-06-06,1359964.0
2008-06-07,1175821.0
2008-06-08,1043357.0
2008-06-09,1345946.0
2008-06-10,1380454.0
2008-06-11,1371860.0
2008-06-12,1370164.0
2008-06-13,1347792.0
2008-06-14,1143840.0
2008-06-15,1032297.0
2008-06-16,1332666.0
2008-06-17,1368390.0
2008-06-18,1374526.0
2008-06-19,1369256.0
2008-06-20,1345038.0
2008-06-21,1147061.0
2008-06-22,1057424.0
2008-06-23,1374057.0
2008-06-24,1365698.0
2008-06-25,1381483.0
2008-06-26,1375400.0
2008-06-27,1375949.0
2008-06-28,1172452.0
2008-06-29,1037181.0
2008-06-30,1335126.0
2008-07-01,1377095.0
2008-07-02,1396904.0
2008-07-03,1406657.0
2008-07-04,1361406.0
2008-07-05,1139073.0
2008-07-06,1038973.0
2008-07-07,1327968.0
2008-07-08,1371560.0
2008-07-09,1368986.0
2008-07-10,1368570.0
2008-07-11,1356566.0
2008-07-12,1156213.0
2008-07-13,1027483.0
2008-07-14,1315848.0
2008-07-15,1344159.0
2008-07-16,1358980.0
2008-07-17,1362895.0
2008-07-18,1338334.0
2008-07-19,1127672.0
2008-07-20,1028924.0
2008-07-21,1325197.0
2008-07-22,1335339.0
2008-07-23,1326030.0
2008-07-24,1323497.0
2008-07-25,1316704.0
2008-07-26,1150529.0
2008-07-27,1037145.0
2008-07-28,1320799.0
2008-07-29,1359968.0
2008-07-30,1350174.0
2008-07-31,1350324.0
2008-08-01,1333760.0
2008-08-02,1124728.0
2008-08-03,1043613.0
2008-08-04,1340458.0
2008-08-05,1346480.0
2008-08-06,1331709.0
2008-08-07,1357965.0
2008-08-08,1333132.0
2008-08-09,1140949.0
2008-08-10,1044853.0
2008-08-11,1330325.0
2008-08-12,1384928.0
2008-08-13,1373523.0
2008-08-14,1362986.0
2008-08-15,1311081.0
2008-08-16,1134092.0
2008-08-17,1029330.0
2008-08-18,1327638.0
2008-08-19,1373681.0
2008-08-20,1372734.0
2008-08-21,1359981.0
2008-08-22,1357194.0
2008-08-23,1159718.0
2008-08-24,1041902.0
2008-08-25,1335719.0
2008-08-26,1372042.0
2008-08-27,1376960.0
2008-08-28,1396034.0
2008-08-29,1381959.0
2008-08-30,1141976.0
2008-08-31,1035062.0
2008-09-01,1378601.0
2008-09-02,1397767.0
2008-09-03,1411611.0
2008-09-04,1405251.0
2008-09-05,1372537.0
2008-09-06,1187298.0
2008-09-07,1069753.0
2008-09-08,1361448.0
2008-09-09,1383080.0
2008-09-10,1417744.0
2008-09-11,1404879.0
2008-09-12,1412317.0
2008-09-13,1191466.0
2008-09-14,1053124.0
2008-09-15,1381548.0
2008-09-16,1425674.0
2008-09-17,1429114.0
2008-09-18,1424459.0
2008-09-19,1401540.0
2008-09-20,1191899.0
2008-09-21,1094284.0
2008-09-22,1422009.0
2008-09-23,1471081.0
2008-09-24,1451544.0
2008-09-25,1454641.0
2008-09-26,1409299.0
2008-09-27,1191185.0
2008-09-28,1089235.0
2008-09-29,1407637.0
2008-09-30,1478299.0
2008-10-01,1519195.0
2008-10-02,1485264.0
2008-10-03,1154821.0
2008-10-04,1161638.0
2008-10-05,1174852.0
2008-10-06,1414256.0
2008-10-07,1440980.0
2008-10-08,1440327.0
2008-10-09,1439424.0
2008-10-10,1417351.0
2008-10-11,1226380.0
2008-10-12,1105842.0
2008-10-13,1413777.0
2008-10-14,1453849.0
2008-10-15,1469846.0
2008-10-16,1498139.0
2008-10-17,1476065.0
2008-10-18,1234372.0
2008-10-19,1147121.0
2008-10-20,1436857.0
2008-10-21,1494942.0
2008-10-22,1489296.0
2008-10-23,1478053.0
2008-10-24,1463531.0
2008-10-25,1238846.0
2008-10-26,1189707.0
2008-10-27,1465633.0
2008-10-28,1502184.0
2008-10-29,1501541.0
2008-10-30,1502476.0
2008-10-31,1412312.0
2008-11-01,1185358.0
2008-11-02,1125927.0
2008-11-03,1432528.0
2008-11-04,1460014.0
2008-11-05,1470052.0
2008-11-06,1472647.0
2008-11-07,1449553.0
2008-11-08,1248113.0
2008-11-09,1183415.0
2008-11-10,1512689.0
2008-11-11,1522361.0
2008-11-12,1503890.0
2008-11-13,1488781.0
2008-11-14,1486285.0
2008-11-15,1291456.0
2008-11-16,1200314.0
2008-11-17,1462723.0
2008-11-18,1530989.0
2008-11-19,1556107.0
2008-11-20,1589213.0
2008-11-21,1497149.0
2008-11-22,1309211.0
2008-11-23,1213422.0
2008-11-24,1492927.0
2008-11-25,1533479.0
2008-11-26,1552539.0
2008-11-27,1545713.0
2008-11-28,1487041.0
2008-11-29,1273223.0
2008-11-30,1179206.0
2008-12-01,1484515.0
2008-12-02,1538974.0
2008-12-03,1540920.0
2008-12-04,1535686.0
2008-12-05,1476889.0
2008-12-06,1257799.0
2008-12-07,1166470.0
2008-12-08,1481307.0
2008-12-09,1518484.0
2008-12-10,1513667.0
2008-12-11,1511441.0
2008-12-12,1470456.0
2008-12-13,1295716.0
2008-12-14,1184095.0
2008-12-15,1445881.0
2008-12-16,1468185.0
2008-12-17,1467702.0
2008-12-18,1426311.0
2008-12-19,1362422.0
2008-12-20,1258846.0
2008-12-21,1132019.0
2008-12-22,1299375.0
2008-12-23,1228549.0
2008-12-24,1088368.0
2008-12-25,1001738.0
2008-12-26,1004611.0
2008-12-27,1096618.0
2008-12-28,1046153.0
2008-12-29,1195661.0
2008-12-30,1199994.0
2008-12-31,1117950.0
2009-01-01,1023008.0
2009-01-02,1157440.0
2009-01-03,1175888.0
2009-01-04,1132951.0
2009-01-05,1327726.0
2009-01-06,1339012.0
2009-01-07,1472524.0
2009-01-08,1452176.0
2009-01-09,1454490.0
2009-01-10,1282616.0
2009-01-11,1227300.0
2009-01-12,1532474.0
2009-01-13,1542417.0
2009-01-14,1516562.0
2009-01-15,1480050.0
2009-01-16,1459540.0
2009-01-17,1268450.0
2009-01-18,1208863.0
2009-01-19,1482963.0
2009-01-20,1476706.0
2009-01-21,1461541.0
2009-01-22,1481303.0
2009-01-23,1487159.0
2009-01-24,1248995.0
2009-01-25,1121072.0
2009-01-26,1411309.0
2009-01-27,1464562.0
2009-01-28,1453498.0
2009-01-29,1439060.0
2009-01-30,1404378.0
2009-01-31,1240050.0
2009-02-01,1232831.0
2009-02-02,1530323.0
2009-02-03,1512126.0
2009-02-04,1503677.0
2009-02-05,1496318.0
2009-02-06,1441037.0
2009-02-07,1252253.0
2009-02-08,1170743.0
2009-02-09,1460428.0
2009-02-10,1518940.0
2009-02-11,1533507.0
2009-02-12,1486764.0
2009-02-13,1453504.0
2009-02-14,1259478.0
2009-02-15,1190087.0
2009-02-16,1464110.0
2009-02-17,1490963.0
2009-02-18,1493930.0
2009-02-19,1469442.0
2009-02-20,1433628.0
2009-02-21,1226456.0
2009-02-22,1162315.0
2009-02-23,1361996.0
2009-02-24,1368534.0
2009-02-25,1401963.0
2009-02-26,1467706.0
2009-02-27,1409309.0
2009-02-28,1194080.0
2009-03-01,1099912.0
2009-03-02,1407495.0
2009-03-03,1426346.0
2009-03-04,1424256.0
2009-03-05,1431489.0
2009-03-06,1403009.0
2009-03-07,1194469.0
2009-03-08,1115977.0
2009-03-09,1403944.0
2009-03-10,1444569.0
2009-03-11,1410705.0
2009-03-12,1422374.0
2009-03-13,1341111.0
2009-03-14,1122291.0
2009-03-15,1068155.0
2009-03-16,1325976.0
2009-03-17,1400808.0
2009-03-18,1369099.0
2009-03-19,1355642.0
2009-03-20,1303119.0
2009-03-21,1127147.0
2009-03-22,1128232.0
2009-03-23,1433410.0
2009-03-24,1422138.0
2009-03-25,1411511.0
2009-03-26,1386780.0
2009-03-27,1328888.0
2009-03-28,1152351.0
2009-03-29,1010775.0
2009-03-30,1321504.0
2009-03-31,1347835.0
2009-04-01,1325196.0
2009-04-02,1302830.0
2009-04-03,1240533.0
2009-04-04,1062809.0
2009-04-05,971873.0
2009-04-06,1233208.0
2009-04-07,1252386.0
2009-04-08,1257476.0
2009-04-09,1189155.0
2009-04-10,928518.0
2009-04-11,943643.0
2009-04-12,845494.0
2009-04-13,858777.0
2009-04-14,1146941.0
2009-04-15,1199889.0
2009-04-16,1249562.0
2009-04-17,1257719.0
2009-04-18,1083805.0
2009-04-19,948424.0
2009-04-20,1222887.0
2009-04-21,1261272.0
2009-04-22,1274798.0
2009-04-23,1280319.0
2009-04-24,1231712.0
2009-04-25,1062367.0
2009-04-26,965361.0
2009-04-27,1255646.0
2009-04-28,1311728.0
2009-04-29,1306260.0
2009-04-30,1250936.0
2009-05-01,920705.0
2009-05-02,962379.0
2009-05-03,931464.0
2009-05-04,1245481.0
2009-05-05,1323787.0
2009-05-06,1368454.0
2009-05-07,1280500.0
2009-05-08,1265820.0
2009-05-09,1058024.0
2009-05-10,945066.0
2009-05-11,1267443.0
2009-05-12,1303171.0
2009-05-13,1297430.0
2009-05-14,1307414.0
2009-05-15,1282624.0
2009-05-16,1061715.0
2009-05-17,950757.0
2009-05-18,1230892.0
2009-05-19,1241154.0
2009-05-20,1219959.0
2009-05-21,947786.0
2009-05-22,1065048.0
2009-05-23,989539.0
2009-05-24,930668.0
2009-05-25,1234324.0
2009-05-26,1302180.0
2009-05-27,1277803.0
2009-05-28,1299730.0
2009-05-29,1222922.0
2009-05-30,998746.0
2009-05-31,857831.0
2009-06-01,859189.0
2009-06-02,1184002.0
2009-06-03,1261864.0
2009-06-04,1266681.0
2009-06-05,1232760.0
2009-06-06,1075123.0
2009-06-07,958951.0
2009-06-08,1237935.0
2009-06-09,1275434.0
2009-06-10,1260646.0
2009-06-11,1096951.0
2009-06-12,1168171.0
2009-06-13,1044476.0
2009-06-14,931073.0
2009-06-15,1254181.0
2009-06-16,1264289.0
2009-06-17,1246735.0
2009-06-18,1277632.0
2009-06-19,1262241.0
2009-06-20,1040654.0
2009-06-21,935348.0
2009-06-22,1228305.0
2009-06-23,1290684.0
2009-06-24,1292621.0
2009-06-25,1270344.0
2009-06-26,1232479.0
2009-06-27,1057100.0
2009-06-28,944841.0
2009-06-29,1235873.0
2009-06-30,1286143.0
2009-07-01,1292686.0
2009-07-02,1289013.0
2009-07-03,1267980.0
2009-07-04,1049428.0
2009-07-05,931291.0
2009-07-06,1236441.0
2009-07-07,1256721.0
2009-07-08,1245930.0
2009-07-09,1247403.0
2009-07-10,1228661.0
2009-07-11,1026656.0
2009-07-12,939054.0
2009-07-13,1204693.0
2009-07-14,1258501.0
2009-07-15,1261775.0
2009-07-16,1240481.0
2009-07-17,1232130.0
2009-07-18,1040918.0
2009-07-19,914894.0
2009-07-20,1198022.0
2009-07-21,1210124.0
2009-07-22,1245530.0
2009-07-23,1260839.0
2009-07-24,1190668.0
2009-07-25,1011489.0
2009-07-26,891736.0
2009-07-27,1168326.0
2009-07-28,1198832.0
2009-07-29,1194343.0
2009-07-30,1219613.0
2009-07-31,1154373.0
2009-08-01,998400.0
2009-08-02,933402.0
2009-08-03,1177992.0
2009-08-04,1186373.0
2009-08-05,1185564.0
2009-08-06,1203177.0
2009-08-07,1187351.0
2009-08-08,1034774.0
2009-08-09,946951.0
2009-08-10,1231653.0
2009-08-11,1247544.0
2009-08-12,1243871.0
2009-08-13,1246080.0
2009-08-14,1193004.0
2009-08-15,1015668.0
2009-08-16,943284.0
2009-08-17,1222828.0
2009-08-18,1253320.0
2009-08-19,1258345.0
2009-08-20,1284943.0
2009-08-21,1263715.0
2009-08-22,1045708.0
2009-08-23,925269.0
2009-08-24,1241280.0
2009-08-25,1290736.0
2009-08-26,1284970.0
2009-08-27,1280007.0
2009-08-28,1266286.0
2009-08-29,1060522.0
2009-08-30,950066.0
2009-08-31,1227868.0
2009-09-01,1323628.0
2009-09-02,1326276.0
2009-09-03,1342513.0
2009-09-04,1321239.0
2009-09-05,1128599.0
2009-09-06,987978.0
2009-09-07,1261548.0
2009-09-08,1310787.0
2009-09-09,1315366.0
2009-09-10,1325118.0
2009-09-11,1293025.0
2009-09-12,1089142.0
2009-09-13,1004405.0
2009-09-14,1324966.0
2009-09-15,1354875.0
2009-09-16,1342772.0
2009-09-17,1348821.0
2009-09-18,1307085.0
2009-09-19,1101710.0
2009-09-20,997391.0
2009-09-21,1295343.0
2009-09-22,1336313.0
2009-09-23,1345656.0
2009-09-24,1335843.0
2009-09-25,1293193.0
2009-09-26,1086897.0
2009-09-27,985700.0
2009-09-28,1312489.0
2009-09-29,1364614.0
2009-09-30,1350531.0
2009-10-01,1383140.0
2009-10-02,1329297.0
2009-10-03,1119367.0
2009-10-04,1112153.0
2009-10-05,1339264.0
2009-10-06,1372118.0
2009-10-07,1384593.0
2009-10-08,1372441.0
2009-10-09,1335763.0
2009-10-10,1171342.0
2009-10-11,1067938.0
2009-10-12,1363773.0
2009-10-13,1385642.0
2009-10-14,1418855.0
2009-10-15,1431113.0
2009-10-16,1416815.0
2009-10-17,1198882.0
2009-10-18,1083211.0
2009-10-19,1365804.0
2009-10-20,1403977.0
2009-10-21,1423740.0
2009-10-22,1437869.0
2009-10-23,1392093.0
2009-10-24,1189870.0
2009-10-25,1094671.0
2009-10-26,1388075.0
2009-10-27,1405280.0
2009-10-28,1402089.0
2009-10-29,1401194.0
2009-10-30,1352987.0
2009-10-31,1165282.0
2009-11-01,1102268.0
2009-11-02,1410772.0
2009-11-03,1428589.0
2009-11-04,1452537.0
2009-11-05,1433442.0
2009-11-06,1402108.0
2009-11-07,1225665.0
2009-11-08,1109036.0
2009-11-09,1443228.0
2009-11-10,1457062.0
2009-11-11,1451407.0
2009-11-12,1459823.0
2009-11-13,1407471.0
2009-11-14,1224420.0
2009-11-15,1110633.0
2009-11-16,1424274.0
2009-11-17,1444361.0
2009-11-18,1492621.0
2009-11-19,1467347.0
2009-11-20,1434758.0
2009-11-21,1206867.0
2009-11-22,1136381.0
2009-11-23,1494114.0
2009-11-24,1514930.0
2009-11-25,1477067.0
2009-11-26,1490566.0
2009-11-27,1459225.0
2009-11-28,1262938.0
2009-11-29,1153324.0
2009-11-30,1441539.0
2009-12-01,1492931.0
2009-12-02,1488429.0
2009-12-03,1491896.0
2009-12-04,1464913.0
2009-12-05,1272449.0
2009-12-06,1157042.0
2009-12-07,1452113.0
2009-12-08,1481230.0
2009-12-09,1483457.0
2009-12-10,1489771.0
2009-12-11,1460927.0
2009-12-12,1257700.0
2009-12-13,1161267.0
2009-12-14,1479009.0
2009-12-15,1507240.0
2009-12-16,1502486.0
2009-12-17,1508180.0
2009-12-18,1473946.0
2009-12-19,1322800.0
2009-12-20,1252070.0
2009-12-21,1433617.0
2009-12-22,1399796.0
2009-12-23,1324279.0
2009-12-24,1129571.0
2009-12-25,1099636.0
2009-12-26,1105300.0
2009-12-27,1072946.0
2009-12-28,1210416.0
2009-12-29,1208436.0
2009-12-30,1193365.0
2009-12-31,1103958.0
2010-01-01,1059064.0
2010-01-02,1157510.0
2010-01-03,1132128.0
2010-01-04,1340157.0
2010-01-05,1456676.0
2010-01-06,1433989.0
2010-01-07,1492152.0
2010-01-08,1488424.0
2010-01-09,1383117.0
2010-01-10,1242543.0
2010-01-11,1489144.0
2010-01-12,1553502.0
2010-01-13,1582910.0
2010-01-14,1525170.0
2010-01-15,1497653.0
2010-01-16,1328304.0
2010-01-17,1206478.0
2010-01-18,1434957.0
2010-01-19,1485514.0
2010-01-20,1490941.0
2010-01-21,1498987.0
2010-01-22,1469683.0
2010-01-23,1299298.0
2010-01-24,1181334.0
2010-01-25,1435110.0
2010-01-26,1519648.0
2010-01-27,1596755.0
2010-01-28,1589965.0
2010-01-29,1494146.0
2010-01-30,1327477.0
2010-01-31,1201382.0
2010-02-01,1531028.0
2010-02-02,1608044.0
2010-02-03,1587924.0
2010-02-04,1522378.0
2010-02-05,1510818.0
2010-02-06,1292580.0
2010-02-07,1180485.0
2010-02-08,1510587.0
2010-02-09,1555533.0
2010-02-10,1573128.0
2010-02-11,1586353.0
2010-02-12,1551921.0
2010-02-13,1331267.0
2010-02-14,1218297.0
2010-02-15,1465854.0
2010-02-16,1504407.0
2010-02-17,1541890.0
2010-02-18,1528944.0
2010-02-19,1508920.0
2010-02-20,1317941.0
2010-02-21,1189366.0
2010-02-22,1490201.0
2010-02-23,1523968.0
2010-02-24,1489971.0
2010-02-25,1482637.0
2010-02-26,1452517.0
2010-02-27,1277365.0
2010-02-28,1190392.0
2010-03-01,1522935.0
2010-03-02,1572941.0
2010-03-03,1542322.0
2010-03-04,1548471.0
2010-03-05,1512012.0
2010-03-06,1313457.0
2010-03-07,1214959.0
2010-03-08,1529930.0
2010-03-09,1567691.0
2010-03-10,1548099.0
2010-03-11,1579825.0
2010-03-12,1509663.0
2010-03-13,1262023.0
2010-03-14,1154361.0
2010-03-15,1464214.0
2010-03-16,1495822.0
2010-03-17,1466517.0
2010-03-18,1423788.0
2010-03-19,1369917.0
2010-03-20,1177634.0
2010-03-21,1068796.0
2010-03-22,1388780.0
2010-03-23,1382704.0
2010-03-24,1367540.0
2010-03-25,1366278.0
2010-03-26,1348270.0
2010-03-27,1139545.0
2010-03-28,1003504.0
2010-03-29,1339689.0
2010-03-30,1332502.0
2010-03-31,1339130.0
2010-04-01,1407150.0
2010-04-02,1072995.0
2010-04-03,1098690.0
2010-04-04,1004829.0
2010-04-05,1023323.0
2010-04-06,1301109.0
2010-04-07,1344141.0
2010-04-08,1368704.0
2010-04-09,1366421.0
2010-04-10,1170747.0
2010-04-11,1087948.0
2010-04-12,1398845.0
2010-04-13,1408388.0
2010-04-14,1411352.0
2010-04-15,1397234.0
2010-04-16,1370495.0
2010-04-17,1141534.0
2010-04-18,1022493.0
2010-04-19,1305943.0
2010-04-20,1355630.0
2010-04-21,1391244.0
2010-04-22,1351170.0
2010-04-23,1297588.0
2010-04-24,1092981.0
2010-04-25,1002144.0
2010-04-26,1336706.0
2010-04-27,1346376.0
2010-04-28,1327663.0
2010-04-29,1322409.0
2010-04-30,1335540.0
2010-05-01,1013001.0
2010-05-02,1017064.0
2010-05-03,1347818.0
2010-05-04,1378034.0
2010-05-05,1374513.0
2010-05-06,1456733.0
2010-05-07,1385564.0
2010-05-08,1152424.0
2010-05-09,1035970.0
2010-05-10,1359764.0
2010-05-11,1379024.0
2010-05-12,1396356.0
2010-05-13,1080690.0
2010-05-14,1232550.0
2010-05-15,1169056.0
2010-05-16,1080617.0
2010-05-17,1341126.0
2010-05-18,1383559.0
2010-05-19,1423233.0
2010-05-20,1388756.0
2010-05-21,1322992.0
2010-05-22,1086341.0
2010-05-23,948055.0
2010-05-24,967417.0
2010-05-25,1290106.0
2010-05-26,1352888.0
2010-05-27,1350865.0
2010-05-28,1311779.0
2010-05-29,1100128.0
2010-05-30,1032625.0
2010-05-31,1340727.0
2010-06-01,1338839.0
2010-06-02,1343160.0
2010-06-03,1147130.0
2010-06-04,1194534.0
2010-06-05,1066010.0
2010-06-06,995456.0
2010-06-07,1323159.0
2010-06-08,1338739.0
2010-06-09,1352800.0
2010-06-10,1367781.0
2010-06-11,1361597.0
2010-06-12,1150970.0
2010-06-13,1021921.0
2010-06-14,1286138.0
2010-06-15,1310586.0
2010-06-16,1318115.0
2010-06-17,1342727.0
2010-06-18,1314123.0
2010-06-19,1135224.0
2010-06-20,1018521.0
2010-06-21,1304336.0
2010-06-22,1316852.0
2010-06-23,1306845.0
2010-06-24,1316453.0
2010-06-25,1311649.0
2010-06-26,1115147.0
2010-06-27,1000740.0
2010-06-28,1318584.0
2010-06-29,1360526.0
2010-06-30,1359392.0
2010-07-01,1361389.0
2010-07-02,1359065.0
2010-07-03,1158770.0
2010-07-04,1048599.0
2010-07-05,1336754.0
2010-07-06,1348467.0
2010-07-07,1330685.0
2010-07-08,1349063.0
2010-07-09,1363083.0
2010-07-10,1163621.0
2010-07-11,1068708.0
2010-07-12,1368675.0
2010-07-13,1373338.0
2010-07-14,1382054.0
2010-07-15,1375450.0
2010-07-16,1319996.0
2010-07-17,1133043.0
2010-07-18,976863.0
2010-07-19,1274232.0
2010-07-20,1332723.0
2010-07-21,1355323.0
2010-07-22,1369633.0
2010-07-23,1323184.0
2010-07-24,1143915.0
2010-07-25,1005870.0
2010-07-26,1285964.0
2010-07-27,1300817.0
2010-07-28,1326622.0
2010-07-29,1311109.0
2010-07-30,1259098.0
2010-07-31,1078431.0
2010-08-01,982020.0
2010-08-02,1266542.0
2010-08-03,1276166.0
2010-08-04,1278707.0
2010-08-05,1286632.0
2010-08-06,1273305.0
2010-08-07,1082024.0
2010-08-08,1006016.0
2010-08-09,1271574.0
2010-08-10,1295746.0
2010-08-11,1322558.0
2010-08-12,1325653.0
2010-08-13,1279641.0
2010-08-14,1107124.0
2010-08-15,1029772.0
2010-08-16,1305101.0
2010-08-17,1359864.0
2010-08-18,1364808.0
2010-08-19,1324942.0
2010-08-20,1304179.0
2010-08-21,1120557.0
2010-08-22,1042944.0
2010-08-23,1374380.0
2010-08-24,1379602.0
2010-08-25,1370050.0
2010-08-26,1358793.0
2010-08-27,1362289.0
2010-08-28,1146368.0
2010-08-29,1049120.0
2010-08-30,1319589.0
2010-08-31,1337493.0
2010-09-01,1361754.0
2010-09-02,1361137.0
2010-09-03,1356991.0
2010-09-04,1155672.0
2010-09-05,1034722.0
2010-09-06,1318150.0
2010-09-07,1410367.0
2010-09-08,1446828.0
2010-09-09,1419902.0
2010-09-10,1378799.0
2010-09-11,1145760.0
2010-09-12,1057131.0
2010-09-13,1374581.0
2010-09-14,1421785.0
2010-09-15,1441247.0
2010-09-16,1429842.0
2010-09-17,1393094.0
2010-09-18,1199913.0
2010-09-19,1057407.0
2010-09-20,1364193.0
2010-09-21,1404414.0
2010-09-22,1396793.0
2010-09-23,1394063.0
2010-09-24,1389352.0
2010-09-25,1180911.0
2010-09-26,1073684.0
2010-09-27,1427133.0
2010-09-28,1478074.0
2010-09-29,1420268.0
2010-09-30,1423187.0
2010-10-01,1404125.0
2010-10-02,1217309.0
2010-10-03,1085719.0
2010-10-04,1376589.0
2010-10-05,1422977.0
2010-10-06,1412624.0
2010-10-07,1420292.0
2010-10-08,1414983.0
2010-10-09,1196669.0
2010-10-10,1069793.0
2010-10-11,1365847.0
2010-10-12,1418808.0
2010-10-13,1430781.0
2010-10-14,1447055.0
2010-10-15,1436193.0
2010-10-16,1244693.0
2010-10-17,1134044.0
2010-10-18,1413179.0
2010-10-19,1470195.0
2010-10-20,1483907.0
2010-10-21,1511449.0
2010-10-22,1496917.0
2010-10-23,1260006.0
2010-10-24,1209650.0
2010-10-25,1448483.0
2010-10-26,1477453.0
2010-10-27,1481703.0
2010-10-28,1471062.0
2010-10-29,1437667.0
2010-10-30,1247673.0
2010-10-31,1121858.0
2010-11-01,1210056.0
2010-11-02,1457137.0
2010-11-03,1483248.0
2010-11-04,1507103.0
2010-11-05,1504399.0
2010-11-06,1260005.0
2010-11-07,1150188.0
2010-11-08,1456166.0
2010-11-09,1489756.0
2010-11-10,1498071.0
2010-11-11,1502151.0
2010-11-12,1525368.0
2010-11-13,1262873.0
2010-11-14,1132137.0
2010-11-15,1449354.0
2010-11-16,1521682.0
2010-11-17,1520794.0
2010-11-18,1523578.0
2010-11-19,1498577.0
2010-11-20,1295639.0
2010-11-21,1171378.0
2010-11-22,1524071.0
2010-11-23,1592535.0
2010-11-24,1583753.0
2010-11-25,1570470.0
2010-11-26,1550040.0
2010-11-27,1354844.0
2010-11-28,1260708.0
2010-11-29,1610056.0
2010-11-30,1621121.0
2010-12-01,1704961.0
2010-12-02,1668490.0
2010-12-03,1633885.0
2010-12-04,1440645.0
2010-12-05,1330961.0
2010-12-06,1570942.0
2010-12-07,1605914.0
2010-12-08,1609869.0
2010-12-09,1624664.0
2010-12-10,1596552.0
2010-12-11,1449213.0
2010-12-12,1283372.0
2010-12-13,1569919.0
2010-12-14,1642315.0
2010-12-15,1646588.0
2010-12-16,1652731.0
2010-12-17,1573796.0
2010-12-18,1396506.0
2010-12-19,1269806.0
2010-12-20,1533734.0
2010-12-21,1539872.0
2010-12-22,1489609.0
2010-12-23,1418262.0
2010-12-24,1217195.0
2010-12-25,1145174.0
2010-12-26,1150143.0
2010-12-27,1335989.0
2010-12-28,1356568.0
2010-12-29,1358082.0
2010-12-30,1334347.0
2010-12-31,1201524.0
2011-01-01,1084186.0
2011-01-02,1102475.0
2011-01-03,1414724.0
2011-01-04,1481183.0
2011-01-05,1489725.0
2011-01-06,1393068.0
2011-01-07,1402973.0
2011-01-08,1253971.0
2011-01-09,1158799.0
2011-01-10,1489528.0
2011-01-11,1532526.0
2011-01-12,1536559.0
2011-01-13,1529011.0
2011-01-14,1490335.0
2011-01-15,1273719.0
2011-01-16,1157519.0
2011-01-17,1478938.0
2011-01-18,1519755.0
2011-01-19,1537038.0
2011-01-20,1557993.0
2011-01-21,1544412.0
2011-01-22,1344769.0
2011-01-23,1208138.0
2011-01-24,1525054.0
2011-01-25,1561835.0
2011-01-26,1568345.0
2011-01-27,1570427.0
2011-01-28,1553394.0
2011-01-29,1359910.0
2011-01-30,1226711.0
2011-01-31,1548054.0
2011-02-01,1607020.0
2011-02-02,1600982.0
2011-02-03,1574403.0
2011-02-04,1534546.0
2011-02-05,1305261.0
2011-02-06,1171164.0
2011-02-07,1469251.0
2011-02-08,1503446.0
2011-02-09,1523271.0
2011-02-10,1521225.0
2011-02-11,1467868.0
2011-02-12,1258233.0
2011-02-13,1143011.0
2011-02-14,1454851.0
2011-02-15,1504728.0
2011-02-16,1486848.0
2011-02-17,1503365.0
2011-02-18,1507207.0
2011-02-19,1282716.0
2011-02-20,1172629.0
2011-02-21,1511272.0
2011-02-22,1555669.0
2011-02-23,1574574.0
2011-02-24,1559551.0
2011-02-25,1513725.0
2011-02-26,1287415.0
2011-02-27,1159227.0
2011-02-28,1466507.0
2011-03-01,1487805.0
2011-03-02,1499184.0
2011-03-03,1494599.0
2011-03-04,1471454.0
2011-03-05,1270068.0
2011-03-06,1139294.0
2011-03-07,1408696.0
2011-03-08,1448645.0
2011-03-09,1481063.0
2011-03-10,1465634.0
2011-03-11,1430411.0
2011-03-12,1215255.0
2011-03-13,1089031.0
2011-03-14,1403365.0
2011-03-15,1405253.0
2011-03-16,1436788.0
2011-03-17,1466031.0
2011-03-18,1441730.0
2011-03-19,1191113.0
2011-03-20,1091185.0
2011-03-21,1413590.0
2011-03-22,1442733.0
2011-03-23,1436962.0
2011-03-24,1425932.0
2011-03-25,1405299.0
2011-03-26,1202271.0
2011-03-27,1022329.0
2011-03-28,1388717.0
2011-03-29,1415314.0
2011-03-30,1413398.0
2011-03-31,1432375.0
2011-04-01,1399156.0
2011-04-02,1159009.0
2011-04-03,1055993.0
2011-04-04,1404464.0
2011-04-05,1433966.0
2011-04-06,1424274.0
2011-04-07,1460302.0
2011-04-08,1432002.0
2011-04-09,1198162.0
2011-04-10,1079620.0
2011-04-11,1403089.0
2011-04-12,1461118.0
2011-04-13,1472022.0
2011-04-14,1466221.0
2011-04-15,1432009.0
2011-04-16,1222242.0
2011-04-17,1076400.0
2011-04-18,1398789.0
2011-04-19,1424261.0
2011-04-20,1418634.0
2011-04-21,1386875.0
2011-04-22,1076298.0
2011-04-23,1091468.0
2011-04-24,967726.0
2011-04-25,994222.0
2011-04-26,1347544.0
2011-04-27,1413109.0
2011-04-28,1406294.0
2011-04-29,1384622.0
2011-04-30,1151228.0
2011-05-01,971924.0
2011-05-02,1351631.0
2011-05-03,1418831.0
2011-05-04,1431246.0
2011-05-05,1426271.0
2011-05-06,1388374.0
2011-05-07,1188051.0
2011-05-08,1050617.0
2011-05-09,1386113.0
2011-05-10,1420916.0
2011-05-11,1418101.0
2011-05-12,1416607.0
2011-05-13,1384688.0
2011-05-14,1182858.0
2011-05-15,1031376.0
2011-05-16,1356759.0
2011-05-17,1392880.0
2011-05-18,1405308.0
2011-05-19,1416354.0
2011-05-20,1392853.0
2011-05-21,1180226.0
2011-05-22,1051737.0
2011-05-23,1363217.0
2011-05-24,1405816.0
2011-05-25,1397024.0
2011-05-26,1414975.0
2011-05-27,1397085.0
2011-05-28,1172924.0
2011-05-29,1037805.0
2011-05-30,1372515.0
2011-05-31,1417647.0
2011-06-01,1357239.0
2011-06-02,1053925.0
2011-06-03,1204927.0
2011-06-04,1124157.0
2011-06-05,1028081.0
2011-06-06,1366643.0
2011-06-07,1407555.0
2011-06-08,1395614.0
2011-06-09,1401531.0
2011-06-10,1359441.0
2011-06-11,1141815.0
2011-06-12,948911.0
2011-06-13,988458.0
2011-06-14,1349221.0
2011-06-15,1398346.0
2011-06-16,1408748.0
2011-06-17,1366516.0
2011-06-18,1163012.0
2011-06-19,1023151.0
2011-06-20,1329192.0
2011-06-21,1385077.0
2011-06-22,1377977.0
2011-06-23,1140438.0
2011-06-24,1245624.0
2011-06-25,1138453.0
2011-06-26,1022222.0
2011-06-27,1351638.0
2011-06-28,1381998.0
2011-06-29,1401133.0
2011-06-30,1370827.0
2011-07-01,1334566.0
2011-07-02,1117812.0
2011-07-03,1011161.0
2011-07-04,1347420.0
2011-07-05,1388095.0
2011-07-06,1392397.0
2011-07-07,1395675.0
2011-07-08,1362296.0
2011-07-09,1153157.0
2011-07-10,1019764.0
2011-07-11,1343207.0
2011-07-12,1400338.0
2011-07-13,1405103.0
2011-07-14,1361157.0
2011-07-15,1324532.0
2011-07-16,1126812.0
2011-07-17,1005743.0
2011-07-18,1310645.0
2011-07-19,1348937.0
2011-07-20,1353158.0
2011-07-21,1339260.0
2011-07-22,1311177.0
2011-07-23,1102250.0
2011-07-24,990802.0
2011-07-25,1273088.0
2011-07-26,1298299.0
2011-07-27,1317047.0
2011-07-28,1306327.0
2011-07-29,1271258.0
2011-07-30,1063850.0
2011-07-31,951500.0
2011-08-01,1248684.0
2011-08-02,1292046.0
2011-08-03,1298873.0
2011-08-04,1296454.0
2011-08-05,1279332.0
2011-08-06,1122498.0
2011-08-07,992586.0
2011-08-08,1242697.0
2011-08-09,1253604.0
2011-08-10,1260706.0
2011-08-11,1254476.0
2011-08-12,1266164.0
2011-08-13,1075950.0
2011-08-14,977807.0
2011-08-15,1210642.0
2011-08-16,1279577.0
2011-08-17,1295665.0
2011-08-18,1310455.0
2011-08-19,1291572.0
2011-08-20,1078090.0
2011-08-21,979315.0
2011-08-22,1313190.0
2011-08-23,1360023.0
2011-08-24,1354207.0
2011-08-25,1348308.0
2011-08-26,1355156.0
2011-08-27,1109921.0
2011-08-28,980450.0
2011-08-29,1297456.0
2011-08-30,1323189.0
2011-08-31,1341558.0
2011-09-01,1364419.0
2011-09-02,1355304.0
2011-09-03,1162086.0
2011-09-04,1054995.0
2011-09-05,1367853.0
2011-09-06,1377387.0
2011-09-07,1377046.0
2011-09-08,1380381.0
2011-09-09,1381304.0
2011-09-10,1158590.0
2011-09-11,1041231.0
2011-09-12,1356773.0
2011-09-13,1389751.0
2011-09-14,1376720.0
2011-09-15,1375033.0
2011-09-16,1363788.0
2011-09-17,1153826.0
2011-09-18,1034149.0
2011-09-19,1348513.0
2011-09-20,1383344.0
2011-09-21,1376972.0
2011-09-22,1378669.0
2011-09-23,1357421.0
2011-09-24,1142174.0
2011-09-25,1035106.0
2011-09-26,1360528.0
2011-09-27,1398630.0
2011-09-28,1395873.0
2011-09-29,1403841.0
2011-09-30,1368603.0
2011-10-01,1177178.0
2011-10-02,1041011.0
2011-10-03,1058134.0
2011-10-04,1377693.0
2011-10-05,1423362.0
2011-10-06,1436251.0
2011-10-07,1408631.0
2011-10-08,1194750.0
2011-10-09,1068536.0
2011-10-10,1408379.0
2011-10-11,1433812.0
2011-10-12,1436147.0
2011-10-13,1430151.0
2011-10-14,1410789.0
2011-10-15,1206320.0
2011-10-16,1077844.0
2011-10-17,1423322.0
2011-10-18,1461964.0
2011-10-19,1461470.0
2011-10-20,1463904.0
2011-10-21,1449443.0
2011-10-22,1231921.0
2011-10-23,1095097.0
2011-10-24,1423364.0
2011-10-25,1455327.0
2011-10-26,1461387.0
2011-10-27,1456521.0
2011-10-28,1430959.0
2011-10-29,1208891.0
2011-10-30,1086899.0
2011-10-31,1270801.0
2011-11-01,1216144.0
2011-11-02,1438062.0
2011-11-03,1463726.0
2011-11-04,1439268.0
2011-11-05,1224902.0
2011-11-06,1099344.0
2011-11-07,1435243.0
2011-11-08,1489791.0
2011-11-09,1482176.0
2011-11-10,1487924.0
2011-11-11,1465138.0
2011-11-12,1248091.0
2011-11-13,1136269.0
2011-11-14,1483164.0
2011-11-15,1540876.0
2011-11-16,1534130.0
2011-11-17,1541445.0
2011-11-18,1510952.0
2011-11-19,1272960.0
2011-11-20,1136201.0
2011-11-21,1490764.0
2011-11-22,1539264.0
2011-11-23,1558853.0
2011-11-24,1548724.0
2011-11-25,1526047.0
2011-11-26,1286313.0
2011-11-27,1158661.0
2011-11-28,1494310.0
2011-11-29,1544364.0
2011-11-30,1533092.0
2011-12-01,1530575.0
2011-12-02,1483150.0
2011-12-03,1281039.0
2011-12-04,1144466.0
2011-12-05,1479513.0
2011-12-06,1558614.0
2011-12-07,1570339.0
2011-12-08,1546657.0
2011-12-09,1511125.0
2011-12-10,1275100.0
2011-12-11,1145835.0
2011-12-12,1495878.0
2011-12-13,1557733.0
2011-12-14,1531677.0
2011-12-15,1527562.0
2011-12-16,1505553.0
2011-12-17,1286051.0
2011-12-18,1182377.0
2011-12-19,1499033.0
2011-12-20,1514802.0
2011-12-21,1486329.0
2011-12-22,1425424.0
2011-12-23,1313475.0
2011-12-24,1082868.0
2011-12-25,1012346.0
2011-12-26,1010267.0
2011-12-27,1204700.0
2011-12-28,1215152.0
2011-12-29,1226301.0
2011-12-30,1201223.0
2011-12-31,1079538.0
2012-01-01,953331.0
2012-01-02,1259040.0
2012-01-03,1335540.0
2012-01-04,1345656.0
2012-01-05,1376762.0
2012-01-06,1291005.0
2012-01-07,1180141.0
2012-01-08,1101025.0
2012-01-09,1440999.0
2012-01-10,1432347.0
2012-01-11,1450078.0
2012-01-12,1443262.0
2012-01-13,1404023.0
2012-01-14,1205167.0
2012-01-15,1148298.0
2012-01-16,1483046.0
2012-01-17,1516902.0
2012-01-18,1503348.0
2012-01-19,1470638.0
2012-01-20,1447159.0
2012-01-21,1249123.0
2012-01-22,1119720.0
2012-01-23,1447471.0
2012-01-24,1492557.0
2012-01-25,1498170.0
2012-01-26,1485240.0
2012-01-27,1458829.0
2012-01-28,1260315.0
2012-01-29,1149078.0
2012-01-30,1448409.0
2012-01-31,1483796.0
2012-02-01,1510080.0
2012-02-02,1561036.0
2012-02-03,1563931.0
2012-02-04,1376721.0
2012-02-05,1279303.0
2012-02-06,1568573.0
2012-02-07,1615956.0
2012-02-08,1613923.0
2012-02-09,1592182.0
2012-02-10,1580680.0
2012-02-11,1382599.0
2012-02-12,1265545.0
2012-02-13,1557846.0
2012-02-14,1554763.0
2012-02-15,1476441.0
2012-02-16,1504947.0
2012-02-17,1439670.0
2012-02-18,1243074.0
2012-02-19,1104886.0
2012-02-20,1396160.0
2012-02-21,1435276.0
2012-02-22,1455613.0
2012-02-23,1427983.0
2012-02-24,1378306.0
2012-02-25,1136261.0
2012-02-26,1081781.0
2012-02-27,1433136.0
2012-02-28,1410035.0
2012-02-29,1433037.0
2012-03-01,1411761.0
2012-03-02,1402017.0
2012-03-03,1192640.0
2012-03-04,1071924.0
2012-03-05,1381087.0
2012-03-06,1433363.0
2012-03-07,1455267.0
2012-03-08,1412055.0
2012-03-09,1402373.0
2012-03-10,1160525.0
2012-03-11,1040299.0
2012-03-12,1343109.0
2012-03-13,1390483.0
2012-03-14,1402127.0
2012-03-15,1412901.0
2012-03-16,1367417.0
2012-03-17,1160746.0
2012-03-18,1063262.0
2012-03-19,1316918.0
2012-03-20,1377630.0
2012-03-21,1382103.0
2012-03-22,1390461.0
2012-03-23,1360887.0
2012-03-24,1156892.0
2012-03-25,985928.0
2012-03-26,1322861.0
2012-03-27,1337523.0
2012-03-28,1315801.0
2012-03-29,1288585.0
2012-03-30,1279876.0
2012-03-31,1088877.0
2012-04-01,1100162.0
2012-04-02,1377019.0
2012-04-03,1335968.0
2012-04-04,1389093.0
2012-04-05,1361777.0
2012-04-06,1103047.0
2012-04-07,1056774.0
2012-04-08,929440.0
2012-04-09,1017783.0
2012-04-10,1337733.0
2012-04-11,1400681.0
2012-04-12,1299063.0
2012-04-13,1286471.0
2012-04-14,1225812.0
2012-04-15,1162683.0
2012-04-16,1412599.0
2012-04-17,1412265.0
2012-04-18,1442941.0
2012-04-19,1421822.0
2012-04-20,1393620.0
2012-04-21,1226026.0
2012-04-22,1063863.0
2012-04-23,1304007.0
2012-04-24,1316985.0
2012-04-25,1357315.0
2012-04-26,1426247.0
2012-04-27,1407804.0
2012-04-28,1186605.0
2012-04-29,1032569.0
2012-04-30,1146277.0
2012-05-01,991060.0
2012-05-02,1326646.0
2012-05-03,1387886.0
2012-05-04,1362284.0
2012-05-05,1140979.0
2012-05-06,1040326.0
2012-05-07,1350065.0
2012-05-08,1356454.0
2012-05-09,1374178.0
2012-05-10,1379166.0
2012-05-11,1341297.0
2012-05-12,1097042.0
2012-05-13,1020055.0
2012-05-14,1329971.0
2012-05-15,1368610.0
2012-05-16,1335730.0
2012-05-17,1035287.0
2012-05-18,1168367.0
2012-05-19,1098014.0
2012-05-20,1017394.0
2012-05-21,1317603.0
2012-05-22,1374469.0
2012-05-23,1390067.0
2012-05-24,1370589.0
2012-05-25,1336335.0
2012-05-26,1123410.0
2012-05-27,963485.0
2012-05-28,984114.0
2012-05-29,1295472.0
2012-05-30,1359059.0
2012-05-31,1378471.0
2012-06-01,1248755.0
2012-06-02,1058413.0
2012-06-03,998750.0
2012-06-04,1303211.0
2012-06-05,1295946.0
2012-06-06,1317499.0
2012-06-07,1118714.0
2012-06-08,1182402.0
2012-06-09,1055931.0
2012-06-10,981947.0
2012-06-11,1317194.0
2012-06-12,1343381.0
2012-06-13,1326445.0
2012-06-14,1335901.0
2012-06-15,1321835.0
2012-06-16,1117409.0
2012-06-17,972937.0
2012-06-18,1286799.0
2012-06-19,1357836.0
2012-06-20,1362130.0
2012-06-21,1365602.0
2012-06-22,1295745.0
2012-06-23,1083041.0
2012-06-24,969619.0
2012-06-25,1230594.0
2012-06-26,1275746.0
2012-06-27,1350724.0
2012-06-28,1355023.0
2012-06-29,1329762.0
2012-06-30,1120995.0
2012-07-01,979215.0
2012-07-02,1293890.0
2012-07-03,1349417.0
2012-07-04,1357434.0
2012-07-05,1358626.0
2012-07-06,1322974.0
2012-07-07,1099991.0
2012-07-08,978319.0
2012-07-09,1267526.0
2012-07-10,1333598.0
2012-07-11,1310863.0
2012-07-12,1269742.0
2012-07-13,1283271.0
2012-07-14,1055247.0
2012-07-15,959737.0
2012-07-16,1236608.0
2012-07-17,1282396.0
2012-07-18,1310262.0
2012-07-19,1264763.0
2012-07-20,1253271.0
2012-07-21,1046849.0
2012-07-22,951196.0
2012-07-23,1255656.0
2012-07-24,1296499.0
2012-07-25,1313477.0
2012-07-26,1322855.0
2012-07-27,1320471.0
2012-07-28,1079530.0
2012-07-29,947091.0
2012-07-30,1216655.0
2012-07-31,1274381.0
2012-08-01,1284156.0
2012-08-02,1270342.0
2012-08-03,1255415.0
2012-08-04,1061564.0
2012-08-05,968945.0
2012-08-06,1215112.0
2012-08-07,1193616.0
2012-08-08,1230281.0
2012-08-09,1251822.0
2012-08-10,1224167.0
2012-08-11,1033838.0
2012-08-12,946982.0
2012-08-13,1228630.0
2012-08-14,1267865.0
2012-08-15,1254541.0
2012-08-16,1285580.0
2012-08-17,1270759.0
2012-08-18,1078387.0
2012-08-19,987885.0
2012-08-20,1309557.0
2012-08-21,1368813.0
2012-08-22,1317194.0
2012-08-23,1313032.0
2012-08-24,1310020.0
2012-08-25,1083249.0
2012-08-26,929908.0
2012-08-27,1251737.0
2012-08-28,1308266.0
2012-08-29,1330593.0
2012-08-30,1322466.0
2012-08-31,1306459.0
2012-09-01,1112353.0
2012-09-02,1017261.0
2012-09-03,1336017.0
2012-09-04,1369686.0
2012-09-05,1363175.0
2012-09-06,1350646.0
2012-09-07,1312523.0
2012-09-08,1117992.0
2012-09-09,1010768.0
2012-09-10,1340486.0
2012-09-11,1381021.0
2012-09-12,1367192.0
2012-09-13,1365687.0
2012-09-14,1301720.0
2012-09-15,1095139.0
2012-09-16,1009358.0
2012-09-17,1339977.0
2012-09-18,1378384.0
2012-09-19,1355244.0
2012-09-20,1367502.0
2012-09-21,1344290.0
2012-09-22,1089958.0
2012-09-23,1026882.0
2012-09-24,1329105.0
2012-09-25,1358479.0
2012-09-26,1382162.0
2012-09-27,1353636.0
2012-09-28,1330103.0
2012-09-29,1115118.0
2012-09-30,1006046.0
2012-10-01,1329368.0
2012-10-02,1343646.0
2012-10-03,1058809.0
2012-10-04,1285699.0
2012-10-05,1303803.0
2012-10-06,1118305.0
2012-10-07,1028315.0
2012-10-08,1363418.0
2012-10-09,1362879.0
2012-10-10,1383154.0
2012-10-11,1396480.0
2012-10-12,1378704.0
2012-10-13,1129603.0
2012-10-14,1043406.0
2012-10-15,1370282.0
2012-10-16,1414627.0
2012-10-17,1389726.0
2012-10-18,1380574.0
2012-10-19,1376527.0
2012-10-20,1178638.0
2012-10-21,1059836.0
2012-10-22,1393256.0
2012-10-23,1440976.0
2012-10-24,1448335.0
2012-10-25,1408551.0
2012-10-26,1400562.0
2012-10-27,1172832.0
2012-10-28,1099149.0
2012-10-29,1421601.0
2012-10-30,1435227.0
2012-10-31,1357682.0
2012-11-01,1206019.0
2012-11-02,1278519.0
2012-11-03,1161762.0
2012-11-04,1082763.0
2012-11-05,1391304.0
2012-11-06,1415717.0
2012-11-07,1394457.0
2012-11-08,1431808.0
2012-11-09,1441954.0
2012-11-10,1204674.0
2012-11-11,1090783.0
2012-11-12,1432890.0
2012-11-13,1473886.0
2012-11-14,1475271.0
2012-11-15,1502785.0
2012-11-16,1477841.0
2012-11-17,1227785.0
2012-11-18,1129156.0
2012-11-19,1450423.0
2012-11-20,1488886.0
2012-11-21,1470544.0
2012-11-22,1459552.0
2012-11-23,1439475.0
2012-11-24,1235447.0
2012-11-25,1080652.0
2012-11-26,1422553.0
2012-11-27,1484014.0
2012-11-28,1497480.0
2012-11-29,1452162.0
2012-11-30,1449970.0
2012-12-01,1248652.0
2012-12-02,1151250.0
2012-12-03,1481076.0
2012-12-04,1470823.0
2012-12-05,1503646.0
2012-12-06,1501429.0
2012-12-07,1519434.0
2012-12-08,1305729.0
2012-12-09,1158871.0
2012-12-10,1508592.0
2012-12-11,1519955.0
2012-12-12,1564650.0
2012-12-13,1557026.0
2012-12-14,1475069.0
2012-12-15,1223823.0
2012-12-16,1131861.0
2012-12-17,1437511.0
2012-12-18,1460728.0
2012-12-19,1441526.0
2012-12-20,1381308.0
2012-12-21,1319692.0
2012-12-22,1141037.0
2012-12-23,1034490.0
2012-12-24,992805.0
2012-12-25,901843.0
2012-12-26,907776.0
2012-12-27,1065028.0
2012-12-28,1109497.0
2012-12-29,1016838.0
2012-12-30,937575.0
2012-12-31,968345.0
2013-01-01,906758.0
2013-01-02,1155521.0
2013-01-03,1200621.0
2013-01-04,1199648.0
2013-01-05,1107740.0
2013-01-06,1035022.0
2013-01-07,1358407.0
2013-01-08,1397215.0
2013-01-09,1409682.0
2013-01-10,1385782.0
2013-01-11,1390594.0
2013-01-12,1195647.0
2013-01-13,1112051.0
2013-01-14,1434938.0
2013-01-15,1476052.0
2013-01-16,1480183.0
2013-01-17,1471476.0
2013-01-18,1452526.0
2013-01-19,1239979.0
2013-01-20,1162805.0
2013-01-21,1433204.0
2013-01-22,1484311.0
2013-01-23,1503591.0
2013-01-24,1510593.0
2013-01-25,1493075.0
2013-01-26,1252868.0
2013-01-27,1141697.0
2013-01-28,1406849.0
2013-01-29,1413169.0
2013-01-30,1379706.0
2013-01-31,1356391.0
2013-02-01,1376717.0
2013-02-02,1190928.0
2013-02-03,1111326.0
2013-02-04,1373623.0
2013-02-05,1396998.0
2013-02-06,1450368.0
2013-02-07,1457011.0
2013-02-08,1433961.0
2013-02-09,1231487.0
2013-02-10,1129684.0
2013-02-11,1373331.0
2013-02-12,1437596.0
2013-02-13,1479312.0
2013-02-14,1482885.0
2013-02-15,1451035.0
2013-02-16,1220242.0
2013-02-17,1126966.0
2013-02-18,1403969.0
2013-02-19,1399788.0
2013-02-20,1413611.0
2013-02-21,1453224.0
2013-02-22,1418148.0
2013-02-23,1221392.0
2013-02-24,1127738.0
2013-02-25,1414000.0
2013-02-26,1450456.0
2013-02-27,1462194.0
2013-02-28,1424132.0
2013-03-01,1372362.0
2013-03-02,1150459.0
2013-03-03,1058385.0
2013-03-04,1363110.0
2013-03-05,1359246.0
2013-03-06,1365669.0
2013-03-07,1358930.0
2013-03-08,1343534.0
2013-03-09,1165689.0
2013-03-10,1067837.0
2013-03-11,1388699.0
2013-03-12,1427372.0
2013-03-13,1424235.0
2013-03-14,1420601.0
2013-03-15,1405987.0
2013-03-16,1201840.0
2013-03-17,1048232.0
2013-03-18,1330273.0
2013-03-19,1392156.0
2013-03-20,1410155.0
2013-03-21,1406810.0
2013-03-22,1383482.0
2013-03-23,1203755.0
2013-03-24,1105920.0
2013-03-25,1338691.0
2013-03-26,1356134.0
2013-03-27,1360951.0
2013-03-28,1346202.0
2013-03-29,1084889.0
2013-03-30,1093577.0
2013-03-31,963148.0
2013-04-01,1030553.0
2013-04-02,1335923.0
2013-04-03,1389434.0
2013-04-04,1413984.0
2013-04-05,1409974.0
2013-04-06,1200315.0
2013-04-07,1065875.0
2013-04-08,1355446.0
2013-04-09,1375370.0
2013-04-10,1387049.0
2013-04-11,1370504.0
2013-04-12,1337052.0
2013-04-13,1104039.0
2013-04-14,1030333.0
2013-04-15,1287191.0
2013-04-16,1344693.0
2013-04-17,1352430.0
2013-04-18,1316434.0
2013-04-19,1304403.0
2013-04-20,1116549.0
2013-04-21,1005229.0
2013-04-22,1304461.0
2013-04-23,1306044.0
2013-04-24,1332701.0
2013-04-25,1338330.0
2013-04-26,1310757.0
2013-04-27,1113568.0
2013-04-28,1019009.0
2013-04-29,1290770.0
2013-04-30,1320871.0
2013-05-01,1014324.0
2013-05-02,1269341.0
2013-05-03,1297044.0
2013-05-04,1117126.0
2013-05-05,1001471.0
2013-05-06,1291227.0
2013-05-07,1332921.0
2013-05-08,1329145.0
2013-05-09,1038006.0
2013-05-10,1180411.0
2013-05-11,1099070.0
2013-05-12,998447.0
2013-05-13,1286106.0
2013-05-14,1312421.0
2013-05-15,1299976.0
2013-05-16,1306769.0
2013-05-17,1284779.0
2013-05-18,1088540.0
2013-05-19,943789.0
2013-05-20,947927.0
2013-05-21,1266271.0
2013-05-22,1306298.0
2013-05-23,1322966.0
2013-05-24,1300183.0
2013-05-25,1088523.0
2013-05-26,1012204.0
2013-05-27,1305087.0
2013-05-28,1306023.0
2013-05-29,1315809.0
2013-05-30,1108920.0
2013-05-31,1188383.0
2013-06-01,1043924.0
2013-06-02,900507.0
2013-06-03,1204142.0
2013-06-04,1261535.0
2013-06-05,1277550.0
2013-06-06,1274329.0
2013-06-07,1263300.0
2013-06-08,1075410.0
2013-06-09,969599.0
2013-06-10,1250133.0
2013-06-11,1286066.0
2013-06-12,1300040.0
2013-06-13,1292129.0
2013-06-14,1234282.0
2013-06-15,1056848.0
2013-06-16,941903.0
2013-06-17,1286353.0
2013-06-18,1326692.0
2013-06-19,1334846.0
2013-06-20,1323512.0
2013-06-21,1245460.0
2013-06-22,1074823.0
2013-06-23,955889.0
2013-06-24,1256512.0
2013-06-25,1259087.0
2013-06-26,1234683.0
2013-06-27,1277606.0
2013-06-28,1267266.0
2013-06-29,1051732.0
2013-06-30,939386.0
2013-07-01,1240380.0
2013-07-02,1287104.0
2013-07-03,1290350.0
2013-07-04,1303509.0
2013-07-05,1271158.0
2013-07-06,1073656.0
2013-07-07,965568.0
2013-07-08,1271151.0
2013-07-09,1304965.0
2013-07-10,1280765.0
2013-07-11,1273608.0
2013-07-12,1256368.0
2013-07-13,1055451.0
2013-07-14,949117.0
2013-07-15,1238784.0
2013-07-16,1285368.0
2013-07-17,1295721.0
2013-07-18,1296360.0
2013-07-19,1256281.0
2013-07-20,1070076.0
2013-07-21,978965.0
2013-07-22,1273203.0
2013-07-23,1293380.0
2013-07-24,1294302.0
2013-07-25,1315751.0
2013-07-26,1297235.0
2013-07-27,1099026.0
2013-07-28,988385.0
2013-07-29,1261871.0
2013-07-30,1240000.0
2013-07-31,1237609.0
2013-08-01,1315648.0
2013-08-02,1316708.0
2013-08-03,1119861.0
2013-08-04,1012159.0
2013-08-05,1283076.0
2013-08-06,1317226.0
2013-08-07,1309135.0
2013-08-08,1293437.0
2013-08-09,1256141.0
2013-08-10,1096402.0
2013-08-11,989120.0
2013-08-12,1257156.0
2013-08-13,1281117.0
2013-08-14,1272126.0
2013-08-15,1231182.0
2013-08-16,1237707.0
2013-08-17,1070194.0
2013-08-18,1002226.0
2013-08-19,1273379.0
2013-08-20,1263244.0
2013-08-21,1265246.0
2013-08-22,1276492.0
2013-08-23,1273329.0
2013-08-24,1097509.0
2013-08-25,1003041.0
2013-08-26,1282985.0
2013-08-27,1308605.0
2013-08-28,1296179.0
2013-08-29,1286247.0
2013-08-30,1269031.0
2013-08-31,1079647.0
2013-09-01,1014440.0
2013-09-02,1320032.0
2013-09-03,1345638.0
2013-09-04,1342703.0
2013-09-05,1351690.0
2013-09-06,1333298.0
2013-09-07,1121488.0
2013-09-08,1020765.0
2013-09-09,1307461.0
2013-09-10,1346033.0
2013-09-11,1355842.0
2013-09-12,1343973.0
2013-09-13,1322942.0
2013-09-14,1131450.0
2013-09-15,1032295.0
2013-09-16,1342024.0
2013-09-17,1374908.0
2013-09-18,1383066.0
2013-09-19,1368697.0
2013-09-20,1357240.0
2013-09-21,1119880.0
2013-09-22,1030672.0
2013-09-23,1329974.0
2013-09-24,1344722.0
2013-09-25,1343856.0
2013-09-26,1357259.0
2013-09-27,1324236.0
2013-09-28,1114333.0
2013-09-29,1053287.0
2013-09-30,1333237.0
2013-10-01,1355654.0
2013-10-02,1357013.0
2013-10-03,1121563.0
2013-10-04,1241347.0
2013-10-05,1111226.0
2013-10-06,1026891.0
2013-10-07,1323700.0
2013-10-08,1355257.0
2013-10-09,1366943.0
2013-10-10,1374602.0
2013-10-11,1390406.0
2013-10-12,1168077.0
2013-10-13,1055510.0
2013-10-14,1351278.0
2013-10-15,1387911.0
2013-10-16,1385021.0
2013-10-17,1436330.0
2013-10-18,1363342.0
2013-10-19,1169972.0
2013-10-20,1070006.0
2013-10-21,1357990.0
2013-10-22,1392341.0
2013-10-23,1424275.0
2013-10-24,1377430.0
2013-10-25,1368467.0
2013-10-26,1186022.0
2013-10-27,1120565.0
2013-10-28,1430301.0
2013-10-29,1423174.0
2013-10-30,1391292.0
2013-10-31,1353369.0
2013-11-01,1210533.0
2013-11-02,1177105.0
2013-11-03,1148684.0
2013-11-04,1428754.0
2013-11-05,1448148.0
2013-11-06,1463792.0
2013-11-07,1453118.0
2013-11-08,1402112.0
2013-11-09,1246838.0
2013-11-10,1128877.0
2013-11-11,1404081.0
2013-11-12,1441090.0
2013-11-13,1440661.0
2013-11-14,1453264.0
2013-11-15,1407067.0
2013-11-16,1223272.0
2013-11-17,1118040.0
2013-11-18,1417148.0
2013-11-19,1453097.0
2013-11-20,1440405.0
2013-11-21,1461521.0
2013-11-22,1439312.0
2013-11-23,1222884.0
2013-11-24,1134557.0
2013-11-25,1436094.0
2013-11-26,1461517.0
2013-11-27,1492493.0
2013-11-28,1509500.0
2013-11-29,1489121.0
2013-11-30,1260825.0
2013-12-01,1161822.0
2013-12-02,1429332.0
2013-12-03,1467252.0
2013-12-04,1510460.0
2013-12-05,1561502.0
2013-12-06,1546689.0
2013-12-07,1286736.0
2013-12-08,1186667.0
2013-12-09,1475030.0
2013-12-10,1474531.0
2013-12-11,1474958.0
2013-12-12,1474298.0
2013-12-13,1456609.0
2013-12-14,1280663.0
2013-12-15,1194221.0
2013-12-16,1464171.0
2013-12-17,1459070.0
2013-12-18,1446998.0
2013-12-19,1432779.0
2013-12-20,1344843.0
2013-12-21,1253278.0
2013-12-22,1145673.0
2013-12-23,1197884.0
2013-12-24,1133402.0
2013-12-25,994011.0
2013-12-26,988551.0
2013-12-27,1163366.0
2013-12-28,1092757.0
2013-12-29,1029867.0
2013-12-30,1146978.0
2013-12-31,1065014.0
2014-01-01,1083040.0
2014-01-02,1338059.0
2014-01-03,1379182.0
2014-01-04,1273576.0
2014-01-05,1181393.0
2014-01-06,1405338.0
2014-01-07,1527044.0
2014-01-08,1549914.0
2014-01-09,1571753.0
2014-01-10,1552107.0
2014-01-11,1355265.0
2014-01-12,1241724.0
2014-01-13,1579285.0
2014-01-14,1597184.0
2014-01-15,1591602.0
2014-01-16,1608466.0
2014-01-17,1572110.0
2014-01-18,1358283.0
2014-01-19,1254812.0
2014-01-20,1585197.0
2014-01-21,1624569.0
2014-01-22,1624525.0
2014-01-23,1630871.0
2014-01-24,1617726.0
2014-01-25,1403170.0
2014-01-26,1302136.0
2014-01-27,1607972.0
2014-01-28,1635899.0
2014-01-29,1659370.0
2014-01-30,1651880.0
2014-01-31,1607005.0
2014-02-01,1398007.0
2014-02-02,1263827.0
2014-02-03,1593483.0
2014-02-04,1617842.0
2014-02-05,1623640.0
2014-02-06,1599233.0
2014-02-07,1578025.0
2014-02-08,1371674.0
2014-02-09,1249511.0
2014-02-10,1573426.0
2014-02-11,1598798.0
2014-02-12,1597293.0
2014-02-13,1602493.0
2014-02-14,1572272.0
2014-02-15,1353109.0
2014-02-16,1235819.0
2014-02-17,1544172.0
2014-02-18,1582908.0
2014-02-19,1588837.0
2014-02-20,1564826.0
2014-02-21,1549980.0
2014-02-22,1337198.0
2014-02-23,1205179.0
2014-02-24,1516699.0
2014-02-25,1553149.0
2014-02-26,1554612.0
2014-02-27,1553105.0
2014-02-28,1526034.0
2014-03-01,1315783.0
2014-03-02,1203857.0
2014-03-03,1475540.0
2014-03-04,1521545.0
2014-03-05,1550395.0
2014-03-06,1546386.0
2014-03-07,1517169.0
2014-03-08,1284960.0
2014-03-09,1160977.0
2014-03-10,1473904.0
2014-03-11,1520623.0
2014-03-12,1516629.0
2014-03-13,1510411.0
2014-03-14,1488916.0
2014-03-15,1307798.0
2014-03-16,1198053.0
2014-03-17,1493746.0
2014-03-18,1529267.0
2014-03-19,1524268.0
2014-03-20,1499807.0
2014-03-21,1475456.0
2014-03-22,1285424.0
2014-03-23,1174614.0
2014-03-24,1494102.0
2014-03-25,1521560.0
2014-03-26,1522676.0
2014-03-27,1511750.0
2014-03-28,1473102.0
2014-03-29,1249231.0
2014-03-30,1081524.0
2014-03-31,1435816.0
2014-04-01,1477911.0
2014-04-02,1472172.0
2014-04-03,1470413.0
2014-04-04,1464303.0
2014-04-05,1247990.0
2014-04-06,1128848.0
2014-04-07,1438814.0
2014-04-08,1494144.0
2014-04-09,1497916.0
2014-04-10,1486135.0
2014-04-11,1457824.0
2014-04-12,1238454.0
2014-04-13,1123888.0
2014-04-14,1466364.0
2014-04-15,1503922.0
2014-04-16,1486908.0
2014-04-17,1459158.0
2014-04-18,1159839.0
2014-04-19,1150105.0
2014-04-20,1026454.0
2014-04-21,1052522.0
2014-04-22,1399408.0
2014-04-23,1447120.0
2014-04-24,1450726.0
2014-04-25,1428834.0
2014-04-26,1228007.0
2014-04-27,1127283.0
2014-04-28,1443157.0
2014-04-29,1467706.0
2014-04-30,1436628.0
2014-05-01,1111250.0
2014-05-02,1299478.0
2014-05-03,1201379.0
2014-05-04,1108925.0
2014-05-05,1414937.0
2014-05-06,1451604.0
2014-05-07,1463643.0
2014-05-08,1470601.0
2014-05-09,1453787.0
2014-05-10,1231630.0
2014-05-11,1118802.0
2014-05-12,1440287.0
2014-05-13,1470528.0
2014-05-14,1474137.0
2014-05-15,1468313.0
2014-05-16,1435030.0
2014-05-17,1217401.0
2014-05-18,1104238.0
2014-05-19,1412177.0
2014-05-20,1449004.0
2014-05-21,1454894.0
2014-05-22,1460214.0
2014-05-23,1433517.0
2014-05-24,1210586.0
2014-05-25,1084249.0
2014-05-26,1420743.0
2014-05-27,1462934.0
2014-05-28,1446059.0
2014-05-29,1137552.0
2014-05-30,1257698.0
2014-05-31,1153391.0
2014-06-01,1065144.0
2014-06-02,1393370.0
2014-06-03,1432816.0
2014-06-04,1443198.0
2014-06-05,1437437.0
2014-06-06,1406645.0
2014-06-07,1188377.0
2014-06-08,1031272.0
2014-06-09,1070094.0
2014-06-10,1411912.0
2014-06-11,1452961.0
2014-06-12,1433608.0
2014-06-13,1413198.0
2014-06-14,1184876.0
2014-06-15,1057345.0
2014-06-16,1364239.0
2014-06-17,1403967.0
2014-06-18,1397181.0
2014-06-19,1213538.0
2014-06-20,1309238.0
2014-06-21,1162785.0
2014-06-22,1061984.0
2014-06-23,1394485.0
2014-06-24,1433679.0
2014-06-25,1435373.0
2014-06-26,1413120.0
2014-06-27,1402517.0
2014-06-28,1202819.0
2014-06-29,1090661.0
2014-06-30,1388247.0
2014-07-01,1408907.0
2014-07-02,1418953.0
2014-07-03,1423982.0
2014-07-04,1403080.0
2014-07-05,1202808.0
2014-07-06,1092124.0
2014-07-07,1406981.0
2014-07-08,1454019.0
2014-07-09,1448157.0
2014-07-10,1431401.0
2014-07-11,1406501.0
2014-07-12,1186673.0
2014-07-13,1073619.0
2014-07-14,1379294.0
2014-07-15,1422984.0
2014-07-16,1435523.0
2014-07-17,1439174.0
2014-07-18,1421604.0
2014-07-19,1217477.0
2014-07-20,1109852.0
2014-07-21,1421306.0
2014-07-22,1441458.0
2014-07-23,1428587.0
2014-07-24,1426353.0
2014-07-25,1400638.0
2014-07-26,1194011.0
2014-07-27,1087626.0
2014-07-28,1391403.0
2014-07-29,1426681.0
2014-07-30,1422133.0
2014-07-31,1392990.0
2014-08-01,1355546.0
2014-08-02,1161834.0
2014-08-03,1050820.0
2014-08-04,1324979.0
2014-08-05,1348847.0
2014-08-06,1342864.0
2014-08-07,1352238.0
2014-08-08,1337693.0
2014-08-09,1158170.0
2014-08-10,1050034.0
2014-08-11,1322927.0
2014-08-12,1347118.0
2014-08-13,1340955.0
2014-08-14,1338770.0
2014-08-15,1291352.0
2014-08-16,1132859.0
2014-08-17,1047118.0
2014-08-18,1339089.0
2014-08-19,1365583.0
2014-08-20,1366105.0
2014-08-21,1356194.0
2014-08-22,1347602.0
2014-08-23,1154069.0
2014-08-24,1056671.0
2014-08-25,1357588.0
2014-08-26,1408327.0
2014-08-27,1399727.0
2014-08-28,1405208.0
2014-08-29,1392283.0
2014-08-30,1179810.0
2014-08-31,1077046.0
2014-09-01,1377651.0
2014-09-02,1414562.0
2014-09-03,1418546.0
2014-09-04,1419105.0
2014-09-05,1399381.0
2014-09-06,1182740.0
2014-09-07,1074406.0
2014-09-08,1388705.0
2014-09-09,1423620.0
2014-09-10,1425329.0
2014-09-11,1422538.0
2014-09-12,1425054.0
2014-09-13,1199584.0
2014-09-14,1082959.0
2014-09-15,1404291.0
2014-09-16,1432097.0
2014-09-17,1439407.0
2014-09-18,1439548.0
2014-09-19,1416396.0
2014-09-20,1201204.0
2014-09-21,1103922.0
2014-09-22,1421694.0
2014-09-23,1427823.0
2014-09-24,1440172.0
2014-09-25,1451548.0
2014-09-26,1432681.0
2014-09-27,1201302.0
2014-09-28,1091512.0
2014-09-29,1409581.0
2014-09-30,1450335.0
2014-10-01,1447674.0
2014-10-02,1421562.0
2014-10-03,1118188.0
2014-10-04,1139878.0
2014-10-05,1098091.0
2014-10-06,1423352.0
2014-10-07,1479845.0
2014-10-08,1476996.0
2014-10-09,1479253.0
2014-10-10,1441586.0
2014-10-11,1219870.0
2014-10-12,1108619.0
2014-10-13,1437443.0
2014-10-14,1461918.0
2014-10-15,1463649.0
2014-10-16,1479030.0
2014-10-17,1459749.0
2014-10-18,1225132.0
2014-10-19,1100762.0
2014-10-20,1442514.0
2014-10-21,1492788.0
2014-10-22,1522860.0
2014-10-23,1505977.0
2014-10-24,1471965.0
2014-10-25,1260624.0
2014-10-26,1147317.0
2014-10-27,1457689.0
2014-10-28,1505694.0
2014-10-29,1510785.0
2014-10-30,1499170.0
2014-10-31,1418875.0
2014-11-01,1183457.0
2014-11-02,1130394.0
2014-11-03,1468579.0
2014-11-04,1510617.0
2014-11-05,1529988.0
2014-11-06,1513460.0
2014-11-07,1502136.0
2014-11-08,1266381.0
2014-11-09,1167860.0
2014-11-10,1495784.0
2014-11-11,1535619.0
2014-11-12,1542936.0
2014-11-13,1540387.0
2014-11-14,1511604.0
2014-11-15,1298391.0
2014-11-16,1188413.0
2014-11-17,1498331.0
2014-11-18,1551955.0
2014-11-19,1535430.0
2014-11-20,1546448.0
2014-11-21,1528910.0
2014-11-22,1311324.0
2014-11-23,1192024.0
2014-11-24,1513093.0
2014-11-25,1558998.0
2014-11-26,1579634.0
2014-11-27,1577556.0
2014-11-28,1568313.0
2014-11-29,1363684.0
2014-11-30,1260712.0
2014-12-01,1601405.0
2014-12-02,1637787.0
2014-12-03,1649356.0
2014-12-04,1639921.0
2014-12-05,1605242.0
2014-12-06,1369124.0
2014-12-07,1270217.0
2014-12-08,1579225.0
2014-12-09,1631464.0
2014-12-10,1649171.0
2014-12-11,1632295.0
2014-12-12,1581700.0
2014-12-13,1347229.0
2014-12-14,1245712.0
2014-12-15,1548281.0
2014-12-16,1562978.0
2014-12-17,1566338.0
2014-12-18,1519983.0
2014-12-19,1461387.0
2014-12-20,1305102.0
2014-12-21,1196622.0
2014-12-22,1362758.0
2014-12-23,1328000.0
2014-12-24,1157040.0
2014-12-25,1089226.0
2014-12-26,1099576.0
2014-12-27,1197159.0
2014-12-28,1165971.0
2014-12-29,1315406.0
2014-12-30,1302529.0
2014-12-31,1183621.0
2015-01-01,1112449.0
2015-01-02,1297830.0
2015-01-03,1266500.0
2015-01-04,1198038.0
2015-01-05,1445248.0
2015-01-06,1452830.0
2015-01-07,1567518.0
2015-01-08,1588293.0
2015-01-09,1565173.0
2015-01-10,1334981.0
2015-01-11,1260155.0
2015-01-12,1578313.0
2015-01-13,1575490.0
2015-01-14,1591347.0
2015-01-15,1603362.0
2015-01-16,1566456.0
2015-01-17,1358593.0
2015-01-18,1265404.0
2015-01-19,1589942.0
2015-01-20,1628984.0
2015-01-21,1631957.0
2015-01-22,1637176.0
2015-01-23,1616787.0
2015-01-24,1408269.0
2015-01-25,1289891.0
2015-01-26,1606862.0
2015-01-27,1621552.0
2015-01-28,1625551.0
2015-01-29,1620837.0
2015-01-30,1587861.0
2015-01-31,1365467.0
2015-02-01,1271755.0
2015-02-02,1603180.0
2015-02-03,1638428.0
2015-02-04,1651262.0
2015-02-05,1647168.0
2015-02-06,1621482.0
2015-02-07,1414357.0
2015-02-08,1295783.0
2015-02-09,1615217.0
2015-02-10,1627149.0
2015-02-11,1621881.0
2015-02-12,1619408.0
2015-02-13,1584926.0
2015-02-14,1364495.0
2015-02-15,1259700.0
2015-02-16,1532240.0
2015-02-17,1599986.0
2015-02-18,1610726.0
2015-02-19,1607336.0
2015-02-20,1575393.0
2015-02-21,1349504.0
2015-02-22,1254568.0
2015-02-23,1588212.0
2015-02-24,1605108.0
2015-02-25,1585879.0
2015-02-26,1579525.0
2015-02-27,1570248.0
2015-02-28,1346191.0
2015-03-01,1235935.0
2015-03-02,1540056.0
2015-03-03,1571435.0
2015-03-04,1578370.0
2015-03-05,1573848.0
2015-03-06,1549441.0
2015-03-07,1323832.0
2015-03-08,1181904.0
2015-03-09,1491538.0
2015-03-10,1537497.0
2015-03-11,1530025.0
2015-03-12,1536023.0
2015-03-13,1525948.0
2015-03-14,1325684.0
2015-03-15,1210979.0
2015-03-16,1504070.0
2015-03-17,1507240.0
2015-03-18,1498879.0
2015-03-19,1507510.0
2015-03-20,1490777.0
2015-03-21,1309044.0
2015-03-22,1193994.0
2015-03-23,1496347.0
2015-03-24,1518716.0
2015-03-25,1508830.0
2015-03-26,1519855.0
2015-03-27,1501765.0
2015-03-28,1279926.0
2015-03-29,1138075.0
2015-03-30,1492574.0
2015-03-31,1516221.0
2015-04-01,1530693.0
2015-04-02,1511663.0
2015-04-03,1185560.0
2015-04-04,1193294.0
2015-04-05,1088420.0
2015-04-06,1116438.0
2015-04-07,1453842.0
2015-04-08,1477538.0
2015-04-09,1450546.0
2015-04-10,1423656.0
2015-04-11,1239543.0
2015-04-12,1118617.0
2015-04-13,1436020.0
2015-04-14,1464909.0
2015-04-15,1456171.0
2015-04-16,1447506.0
2015-04-17,1435477.0
2015-04-18,1210232.0
2015-04-19,1099607.0
2015-04-20,1402351.0
2015-04-21,1431818.0
2015-04-22,1423360.0
2015-04-23,1418374.0
2015-04-24,1401340.0
2015-04-25,1211127.0
2015-04-26,1099195.0
2015-04-27,1437439.0
2015-04-28,1465495.0
2015-04-29,1455266.0
2015-04-30,1431492.0
2015-05-01,1091073.0
2015-05-02,1123890.0
2015-05-03,1097202.0
2015-05-04,1404842.0
2015-05-05,1445436.0
2015-05-06,1433919.0
2015-05-07,1430879.0
2015-05-08,1396236.0
2015-05-09,1194077.0
2015-05-10,1084300.0
2015-05-11,1399026.0
2015-05-12,1432256.0
2015-05-13,1400104.0
2015-05-14,1106469.0
2015-05-15,1241813.0
2015-05-16,1155465.0
2015-05-17,1073682.0
2015-05-18,1386934.0
2015-05-19,1433138.0
2015-05-20,1425178.0
2015-05-21,1422759.0
2015-05-22,1398210.0
2015-05-23,1174853.0
2015-05-24,1013119.0
2015-05-25,1048582.0
2015-05-26,1376948.0
2015-05-27,1419761.0
2015-05-28,1417768.0
2015-05-29,1392910.0
2015-05-30,1193595.0
2015-05-31,1080176.0
2015-06-01,1386294.0
2015-06-02,1435984.0
2015-06-03,1415685.0
2015-06-04,1210487.0
2015-06-05,1316917.0
2015-06-06,1183470.0
2015-06-07,1066852.0
2015-06-08,1386902.0
2015-06-09,1418665.0
2015-06-10,1424414.0
2015-06-11,1420142.0
2015-06-12,1413713.0
2015-06-13,1204170.0
2015-06-14,1069581.0
2015-06-15,1384878.0
2015-06-16,1402237.0
2015-06-17,1401566.0
2015-06-18,1419716.0
2015-06-19,1397735.0
2015-06-20,1191115.0
2015-06-21,1080587.0
2015-06-22,1401492.0
2015-06-23,1430127.0
2015-06-24,1431981.0
2015-06-25,1418369.0
2015-06-26,1396602.0
2015-06-27,1187328.0
2015-06-28,1060170.0
2015-06-29,1388314.0
2015-06-30,1422701.0
2015-07-01,1441912.0
2015-07-02,1468790.0
2015-07-03,1443564.0
2015-07-04,1226328.0
2015-07-05,1117068.0
2015-07-06,1414948.0
2015-07-07,1452898.0
2015-07-08,1437565.0
2015-07-09,1415530.0
2015-07-10,1384977.0
2015-07-11,1174850.0
2015-07-12,1080720.0
2015-07-13,1393289.0
2015-07-14,1428946.0
2015-07-15,1429612.0
2015-07-16,1438587.0
2015-07-17,1430143.0
2015-07-18,1197793.0
2015-07-19,1089298.0
2015-07-20,1390273.0
2015-07-21,1448701.0
2015-07-22,1443588.0
2015-07-23,1418641.0
2015-07-24,1390624.0
2015-07-25,1188306.0
2015-07-26,1050663.0
2015-07-27,1345406.0
2015-07-28,1378826.0
2015-07-29,1373896.0
2015-07-30,1372079.0
2015-07-31,1330745.0
2015-08-01,1132633.0
2015-08-02,1033913.0
2015-08-03,1343716.0
2015-08-04,1386450.0
2015-08-05,1367684.0
2015-08-06,1388179.0
2015-08-07,1366913.0
2015-08-08,1171841.0
2015-08-09,1067655.0
2015-08-10,1356345.0
2015-08-11,1383475.0
2015-08-12,1393653.0
2015-08-13,1393551.0
2015-08-14,1370660.0
2015-08-15,1152938.0
2015-08-16,1064931.0
2015-08-17,1356998.0
2015-08-18,1374925.0
2015-08-19,1364082.0
2015-08-20,1367237.0
2015-08-21,1346296.0
2015-08-22,1153361.0
2015-08-23,1058653.0
2015-08-24,1378587.0
2015-08-25,1399382.0
2015-08-26,1410070.0
2015-08-27,1423739.0
2015-08-28,1387010.0
2015-08-29,1174395.0
2015-08-30,1079755.0
2015-08-31,1407377.0
2015-09-01,1455075.0
2015-09-02,1432793.0
2015-09-03,1425337.0
2015-09-04,1400839.0
2015-09-05,1197974.0
2015-09-06,1105590.0
2015-09-07,1399964.0
2015-09-08,1434258.0
2015-09-09,1426761.0
2015-09-10,1425184.0
2015-09-11,1411765.0
2015-09-12,1210833.0
2015-09-13,1108696.0
2015-09-14,1429071.0
2015-09-15,1457998.0
2015-09-16,1473973.0
2015-09-17,1479677.0
2015-09-18,1420671.0
2015-09-19,1204499.0
2015-09-20,1105280.0
2015-09-21,1410812.0
2015-09-22,1461464.0
2015-09-23,1465330.0
2015-09-24,1456351.0
2015-09-25,1431783.0
2015-09-26,1221971.0
2015-09-27,1117519.0
2015-09-28,1422698.0
2015-09-29,1458590.0
2015-09-30,1459485.0
2015-10-01,1425289.0
2015-10-02,1397045.0
2015-10-03,1112761.0
2015-10-04,1091728.0
2015-10-05,1401000.0
2015-10-06,1472549.0
2015-10-07,1481929.0
2015-10-08,1477424.0
2015-10-09,1437190.0
2015-10-10,1223330.0
2015-10-11,1121988.0
2015-10-12,1435893.0
2015-10-13,1508598.0
2015-10-14,1541799.0
2015-10-15,1542881.0
2015-10-16,1512341.0
2015-10-17,1281306.0
2015-10-18,1176192.0
2015-10-19,1483922.0
2015-10-20,1515740.0
2015-10-21,1510719.0
2015-10-22,1515220.0
2015-10-23,1468799.0
2015-10-24,1254556.0
2015-10-25,1167445.0
2015-10-26,1455161.0
2015-10-27,1501078.0
2015-10-28,1513815.0
2015-10-29,1505899.0
2015-10-30,1484716.0
2015-10-31,1242054.0
2015-11-01,1162333.0
2015-11-02,1481697.0
2015-11-03,1523906.0
2015-11-04,1524603.0
2015-11-05,1505444.0
2015-11-06,1480891.0
2015-11-07,1274158.0
2015-11-08,1160894.0
2015-11-09,1492275.0
2015-11-10,1532622.0
2015-11-11,1521997.0
2015-11-12,1518480.0
2015-11-13,1512223.0
2015-11-14,1303564.0
2015-11-15,1202864.0
2015-11-16,1499673.0
2015-11-17,1541185.0
2015-11-18,1533360.0
2015-11-19,1550026.0
2015-11-20,1532376.0
2015-11-21,1316411.0
2015-11-22,1239846.0
2015-11-23,1557301.0
2015-11-24,1617026.0
2015-11-25,1613833.0
2015-11-26,1595830.0
2015-11-27,1574161.0
2015-11-28,1368524.0
2015-11-29,1267845.0
2015-11-30,1566359.0
2015-12-01,1588472.0
2015-12-02,1584966.0
2015-12-03,1576896.0
2015-12-04,1572062.0
2015-12-05,1341265.0
2015-12-06,1232841.0
2015-12-07,1530644.0
2015-12-08,1572231.0
2015-12-09,1585553.0
2015-12-10,1595923.0
2015-12-11,1580723.0
2015-12-12,1338977.0
2015-12-13,1240722.0
2015-12-14,1551273.0
2015-12-15,1567981.0
2015-12-16,1564155.0
2015-12-17,1512936.0
2015-12-18,1464865.0
2015-12-19,1258281.0
2015-12-20,1165584.0
2015-12-21,1393571.0
2015-12-22,1379937.0
2015-12-23,1316390.0
2015-12-24,1124051.0
2015-12-25,1048083.0
2015-12-26,1048941.0
2015-12-27,1067776.0
2015-12-28,1215866.0
2015-12-29,1234045.0
2015-12-30,1237287.0
2015-12-31,1158909.0
